molid,smiles,rdkit_smiles_cln,rdkit_smiles_cln_protonated,target,cid_0.750,medoid_0.750,cpop_0.750
adapt-ens-low-0,CC=CC[C@H]1C=C2NC=C3C(CC)=CCC(C(=O)C=N1)C3(C)C2N,CC=CC[C@H]1C=C2NC=C3C(CC)=CCC(C(=O)C=N1)C3(C)C2N,CCC1=CCC2C(=O)C=N[C@H](C=C3C(C2(C1=CN3)C)[NH3+])CC=CC,low,47,1,1
adapt-ens-low-1,CC=Nc1cncc2c1C(=CC)NC(=O)CCN2C,CC=Nc1cncc2c1C(=CC)NC(=O)CCN2C,CC=C1c2c(cncc2N(CCC(=O)N1)C)N=CC,low,63,1,1
adapt-ens-low-2,CC=C1C[C@H]2c3c(ncc(CN[C@H](C)[C@H](N)C=O)c3O)N2C1,CC=C1C[C@H]2c3c(ncc(CN[C@H](C)[C@H](N)C=O)c3O)N2C1,CC=C1C[C@H]2c3c(c(cnc3N2C1)C[NH2+][C@H](C)[C@@H](C=O)N)O,low,69,1,1
adapt-ens-low-3,CC1=CC=CC2(N)C(=CC[C@@H]3CC=CC4C=C4N3)NC=CC2(C)C1,CC1=CC=CC2(N)C(=CC[C@@H]3CC=CC4C=C4N3)NC=CC2(C)C1,CC1=CC=CC2(C(=CC[C@@H]3CC=CC4C=C4[NH2+]3)NC=CC2(C1)C)[NH3+],low,16,1,1
adapt-ens-low-4,CC=CC[C@@H](C=C1NC2=C3C(=C1CN2)COCCC3(C)C)c1cccnc1,CC=CC[C@@H](C=C1NC2=C3C(=C1CN2)COCCC3(C)C)c1cccnc1,CC=CC[C@@H](C=C1C2=C3COCCC(C3=C(N1)[NH2+]C2)(C)C)c4cccnc4,low,35,1,1
adapt-ens-low-5,CC=CC(=O)C=CN=C1NC(=CC)[CH]CC=C1C=CN=C(C)N[NH],CC=CC(=O)C=CN=C1NC(=CC)[CH]CC=C1C=CN=C(C)N[NH],CC=CC(=O)C=C[NH+]=C1C(=CC[CH]C(=CC)N1)C=CN=C(C)N[NH2+],low,114,1,1
adapt-ens-low-6,CC=CC[CH]NCC=CCC1C(C)=CC=C1C=O,CC=CC[CH]NCC=CCC1C(C)=CC=C1C=O,CC=CC[CH][NH2+]CC=CCC1C(=CC=C1C=O)C,low,40,1,1
adapt-ens-low-7,C=CNC1C[C]CC2[C@@H](C)CCC[C@]2(C)C1=CN,C=CNC1C[C]CC2[C@@H](C)CCC[C@]2(C)C1=CN,C[C@H]1CCC[C@]2(C1C[C]CC(C2=C[NH3+])[NH2+]C=C)C,low,80,1,1
adapt-ens-low-8,C#CCCc1cncc(C(=O)CCC=N)c1O,C#CCCc1cncc(C(=O)CCC=N)c1O,C#CCCc1cncc(c1O)C(=O)CCC=N,low,74,1,1
adapt-ens-low-9,CC1=CC[C@H]2CCC[C@H](C=C3Nc4cc(C)ccc43)NC(=N2)N[CH]1,CC1=CC[C@H]2CCC[C@H](C=C3Nc4cc(C)ccc43)NC(=N2)N[CH]1,Cc1ccc2c(c1)NC2=C[C@H]3CCC[C@@H]4CC=C([CH]NC(=[NH+]4)N3)C,low,76,1,1
adapt-ens-low-10,CC=CC(=Cc1cc2[nH]c1[C@]1(C)CCNC2[C@@H]1C)C1NC=CC=C(c2ccccc2)N1,CC=CC(=Cc1cc2[nH]c1[C@]1(C)CCNC2[C@@H]1C)C1NC=CC=C(c2ccccc2)N1,CC=CC(=Cc1cc2[nH]c1[C@@]3(CC[NH2+]C2[C@@H]3C)C)C4[NH2+]C(=CC=CN4)c5ccccc5,low,59,1,1
adapt-ens-low-11,CC=CC[C@@H](C=CNC=C1C=C2NC3C=C(C=C13)CCN2C)NN,CC=CC[C@@H](C=CNC=C1C=C2NC3C=C(C=C13)CCN2C)NN,CC=CC[C@@H](C=CNC=C1C=C2NC3C1=CC(=C3)CC[NH+]2C)NN,low,44,1,1
adapt-ens-low-12,C=C(C)C=CNC=CCC12C(=O)CC3NC1C[CH]C=CCCC32,C=C(C)C=CNC=CCC12C(=O)CC3NC1C[CH]C=CCCC32,CC(=C)C=CNC=CCC12C3CCC=C[CH]CC1[NH2+]C3CC2=O,low,6,1,2
adapt-ens-low-13,C=CN1[CH]C2=C3C(CCN3C=O)[C](C)C2C[C]CC1,C=CN1[CH]C2=C3C(CCN3C=O)[C](C)C2C[C]CC1,C[C]1C2CCN(C2=C3C1C[C]CC[NH+]([CH]3)C=C)C=O,low,83,1,1
adapt-ens-low-14,C=C(N)C=CNC=CCC12[CH]CC(C[C@@H]3C1C=CC[C@H]3N)C(=O)C2,C=C(N)C=CNC=CCC12[CH]CC(C[C@@H]3C1C=CC[C@H]3N)C(=O)C2,C=C(C=CNC=CCC12CC(=O)C(C[CH]1)C[C@@H]3C2C=CC[C@H]3[NH3+])[NH3+],low,7,1,1
adapt-ens-low-15,CC(C)(C)c1cc2nc(=CN3CCC=C[C@@H](O)C3=O)c(=CN)cc2[nH]1,CC(C)(C)c1cc2nc(=CN3CCC=C[C@@H](O)C3=O)c(=CN)cc2[nH]1,CC(C)(C)c1cc2c([nH]1)cc(=C[NH3+])c(=CN3CCC=C[C@H](C3=O)O)n2,low,84,1,1
adapt-ens-low-16,C=CC=N[C@@H](CC=CC)c1cncc2c1NC[C](C)CCCCC2,C=CC=N[C@@H](CC=CC)c1cncc2c1NC[C](C)CCCCC2,CC=CC[C@@H](c1c[nH+]cc2c1NC[C](CCCCC2)C)N=CC=C,low,42,1,2
adapt-ens-low-17,CC(C)(C)c1c[nH]c(NC=C[C@H](N)CCC[C@@H]2CC=CC[C@H]2N)c1,CC(C)(C)c1c[nH]c(NC=C[C@H](N)CCC[C@@H]2CC=CC[C@H]2N)c1,CC(C)(C)c1cc([nH]c1)NC=C[C@@H](CCC[C@@H]2CC=CC[C@H]2[NH3+])[NH3+],low,23,1,4
adapt-ens-low-18,CC=C[CH][CH]CCC1CC=NC#CCCC2=C1CC(C=O)=CC2=O,CC=C[CH][CH]CCC1CC=NC#CCCC2=C1CC(C=O)=CC2=O,CC=C[CH][CH]CCC1CC=NC#CCCC2=C1CC(=CC2=O)C=O,low,31,1,1
adapt-ens-low-19,CC=CC1[C@@H](N)[C@@H]1c1cncc(CN2CC=C(C)C=CCC2)c1O,CC=CC1[C@@H](N)[C@@H]1c1cncc(CN2CC=C(C)C=CCC2)c1O,CC=CC1[C@H]([C@@H]1[NH3+])c2cncc(c2O)C[NH+]3CCC=CC(=CC3)C,low,72,1,1
adapt-ens-low-20,CC=CC[C@@H](CCC[C@@H](N)C=C1CC(=CC=CN)C=CN1)OC,CC=CC[C@@H](CCC[C@@H](N)C=C1CC(=CC=CN)C=CN1)OC,CC=CC[C@@H](CCC[C@H](C=C1CC(=CC=C[NH3+])C=CN1)[NH3+])OC,low,21,1,1
adapt-ens-low-21,CCC1(C=CN[C@@H]2CC=CC=NC=Nc3cncc2c3)C(C)=CC=[N+]1C,CCC1(C=CN[C@@H]2CC=CC=NC=Nc3cncc2c3)C(C)=CC=[N+]1C,CCC1(C(=CC=[N+]1C)C)C=C[NH2+][C@@H]2CC=CC=NC=[NH+]c3cc2cnc3,low,68,1,1
adapt-ens-low-22,NC[C@@H]1CCC2=C3C4=CC(=O)C4(CCC4CC=CC4)[CH]CC3=C21,NC[C@@H]1CCC2=C3C4=CC(=O)C4(CCC4CC=CC4)[CH]CC3=C21,C1CC2=C3C(=C2[C@@H]1C[NH3+])C[CH]C4(C3=CC4=O)CCC5CC=CC5,low,27,1,1
adapt-ens-low-23,CN(C)C[C@@H]1NC=CNC(=O)C([C@@H]2CC=CC[C@H]2N)CC[C@H]1N,CN(C)C[C@@H]1NC=CNC(=O)C([C@@H]2CC=CC[C@H]2N)CC[C@H]1N,CN(C)C[C@H]1[C@@H](CCC(C(=O)NC=C[NH2+]1)[C@@H]2CC=CC[C@H]2[NH3+])N,low,10,1,1
adapt-ens-low-24,CC=C[C@@H]1C2CNCCC(=O)[C@]1(C)CCNC2=O,CC=C[C@@H]1C2CNCCC(=O)[C@]1(C)CCNC2=O,CC=C[C@@H]1C2C[NH2+]CCC(=O)[C@@]1(CCNC2=O)C,low,53,1,1
adapt-ens-low-25,CC=CC[C@@H]1N=CC(=O)C23CC=NC2=Cc2ncc1c(N)c2CCC3,CC=CC[C@@H]1N=CC(=O)C23CC=NC2=Cc2ncc1c(N)c2CCC3,CC=CC[C@H]1c2c[nH+]c3c(c2N)CCCC4(CC=NC4=C3)C(=O)C=N1,low,50,1,1
adapt-ens-low-26,CC1=CC[C@@H](CCC[C@H]2NNC=CC=C[C@H]2Cc2ccncc2)C1,CC1=CC[C@@H](CCC[C@H]2NNC=CC=C[C@H]2Cc2ccncc2)C1,CC1=CC[C@H](C1)CCC[C@@H]2[C@@H](C=CC=CNN2)Cc3ccncc3,low,26,1,1
adapt-ens-low-27,C=CC(N)=C1C=CNC(=C[C@H](N)CCC[C@@H]2CC(=CC)[C@H]2N)C1,C=CC(N)=C1C=CNC(=C[C@H](N)CCC[C@@H]2CC(=CC)[C@H]2N)C1,CC=C1C[C@H]([C@@H]1[NH3+])CCC[C@H](C=C2CC(=C(C=C)[NH3+])C=CN2)[NH3+],low,20,1,2
adapt-ens-low-28,C[C](CC[C@@H]1CC=C(C)[C@@H](N)C1)CCN1C=CC(C)=C(c2ccccc2)C1,C[C](CC[C@@H]1CC=C(C)[C@@H](N)C1)CCN1C=CC(C)=C(c2ccccc2)C1,CC1=CC[C@H](C[C@@H]1[NH3+])CC[C](C)CC[NH+]2CC(=C(C=C2)C)c3ccccc3,low,32,1,1
adapt-ens-low-29,CC1=CC=C(N)C(=C[C@H](N)CCC[C@@H]2CC=CCC(N)=N2)NC=C1,CC1=CC=C(N)C(=C[C@H](N)CCC[C@@H]2CC=CCC(N)=N2)NC=C1,CC1=CC=C(C(=C[C@@H](CCC[C@@H]2CC=CCC(=[NH+]2)N)[NH3+])NC=C1)[NH3+],low,22,1,2
adapt-ens-low-30,C=C1NC=NC=C1C(=O)CN(C)C(=C)C=CC=NC=CNC(=O)[C@H](O)C=CC,C=C1NC=NC=C1C(=O)CN(C)C(=C)C=CC=NC=CNC(=O)[C@H](O)C=CC,CC=C[C@H](C(=O)NC=CN=CC=CC(=C)[NH+](C)CC(=O)C1=C[NH+]=CNC1=C)O,low,108,1,1
adapt-ens-low-31,CC=CC(C)=C(C)C1=CC(C2CC=CC2)=CNC=C1,CC=CC(C)=C(C)C1=CC(C2CC=CC2)=CNC=C1,CC=CC(=C(C)C1=CC(=CNC=C1)C2CC=CC2)C,low,4,1,1
adapt-ens-low-32,CC=CC[C@@H](C=Cc1cnc(C=C2NC=CC(C)=C2N)[nH]1)N=O,CC=CC[C@@H](C=Cc1cnc(C=C2NC=CC(C)=C2N)[nH]1)N=O,CC=CC[C@@H](C=Cc1c[nH+]c([nH]1)C=C2C(=C(C=CN2)C)[NH3+])N=O,low,46,1,1
adapt-ens-low-33,C[C@@H]1NC(=O)C=NC2=NC=CC[C@@H](CC=C[C@@H]1N)C2,C[C@@H]1NC(=O)C=NC2=NC=CC[C@@H](CC=C[C@@H]1N)C2,C[C@H]1[C@H](C=CC[C@@H]2CC=C[NH+]=C(C2)N=CC(=O)N1)[NH3+],low,9,1,1
adapt-ens-low-34,CC=C[CH]C1CNCCC(=O)C23C=CNC1=C(C)C2=CNC=C(C)C=C3,CC=C[CH]C1CNCCC(=O)C23C=CNC1=C(C)C2=CNC=C(C)C=C3,CC=C[CH]C1C[NH2+]CCC(=O)C23C=CC(=CNC=C2C(=C1NC=C3)C)C,low,52,1,1
adapt-ens-low-35,C=CNC(=O)c1cccc(N(C)CC(=O)C=c2nc[nH]c2=Cc2cccc(N(C)CC)c2)c1,C=CNC(=O)c1cccc(N(C)CC(=O)C=c2nc[nH]c2=Cc2cccc(N(C)CC)c2)c1,CCN(C)c1cccc(c1)C=c2c(=CC(=O)CN(C)c3cccc(c3)C(=O)NC=C)nc[nH]2,low,110,1,1
adapt-ens-low-36,CN1CC[C@@]2(C)C(=O)CCNC3C1[CH][C@H]1C=CCN=C1C32,CN1CC[C@@]2(C)C(=O)CCNC3C1[CH][C@H]1C=CCN=C1C32,C[C@@]12CCN(C3[CH][C@H]4C=CCN=C4C1C3[NH2+]CCC2=O)C,low,65,1,1
adapt-ens-low-37,C=CNC1C[C]C23C[C](C)C(=O)CC=C2C=CNC3=C1C=CC(C)N(C)C,C=CNC1C[C]C23C[C](C)C(=O)CC=C2C=CNC3=C1C=CC(C)N(C)C,C[C]1CC23[C]CC(C(=C2NC=CC3=CCC1=O)C=CC(C)[NH+](C)C)[NH2+]C=C,low,79,1,1
adapt-ens-low-38,C=C=C[CH]C1CN2CCC(=O)C(C)=C2CC[C@]1(C)N,C=C=C[CH]C1CN2CCC(=O)C(C)=C2CC[C@]1(C)N,CC1=C2CC[C@](C(C[NH+]2CCC1=O)[CH]C=C=C)(C)[NH3+],low,81,1,1
adapt-ens-low-39,CC=C[CH][C@H]1C2CCC3CC(CC)=C2CC[C@@H]31,CC=C[CH][C@H]1C2CCC3CC(CC)=C2CC[C@@H]31,CCC1=C2CC[C@@H]3[C@H](C2CCC3C1)[CH]C=CC,low,36,1,1
adapt-ens-low-40,C=CC1C=CC(C)(OC)C=CC(=O)NC=C[C@H]1CCC[C@H]1CC1C=CC,C=CC1C=CC(C)(OC)C=CC(=O)NC=C[C@H]1CCC[C@H]1CC1C=CC,CC=CC1C[C@@H]1CCC[C@@H]2C=CNC(=O)C=CC(C=CC2C=C)(C)OC,low,78,1,1
adapt-ens-low-41,CC=CC[C@H]1C=CNC=CC(C)(C)CCOCC=CC(=O)N(C)[CH]CC1,CC=CC[C@H]1C=CNC=CC(C)(C)CCOCC=CC(=O)N(C)[CH]CC1,CC=CC[C@@H]1CC[CH]N(C(=O)C=CCOCCC(C=CNC=C1)(C)C)C,low,49,1,1
adapt-ens-low-42,CC1=CC[C@@H](CCC2C=CC=C3C=CNC(=C[C@@H]2N)C3)N1,CC1=CC[C@@H](CCC2C=CC=C3C=CNC(=C[C@@H]2N)C3)N1,CC1=CC[C@H]([NH2+]1)CCC2C=CC=C3CC(=C[C@@H]2[NH3+])NC=C3,low,14,1,1
adapt-ens-low-43,C[C]1C[C@H](N)C2=CC(=C3C=C(C4C=CNC4)C3N2)CN1,C[C]1C[C@H](N)C2=CC(=C3C=C(C4C=CNC4)C3N2)CN1,C[C]1C[C@@H](C2=CC(=C3C=C(C3[NH2+]2)C4C[NH2+]C=C4)C[NH2+]1)N,low,1,1,1
adapt-ens-low-44,C[C]1[CH]NCC(CC[C@@H]2CC=C(C)N2)[CH]C(=O)N(C)CC1,C[C]1[CH]NCC(CC[C@@H]2CC=C(C)N2)[CH]C(=O)N(C)CC1,C[C]1CCN(C(=O)[CH]C(C[NH2+][CH]1)CC[C@@H]2CC=C([NH2+]2)C)C,low,15,1,1
adapt-ens-low-45,CC1=CC[C@@H]1CCC[CH]C1CNCC(CC(C)C)=CC(=O)C1,CC1=CC[C@@H]1CCC[CH]C1CNCC(CC(C)C)=CC(=O)C1,CC1=CC[C@@H]1CCC[CH]C2CC(=O)C=C(C[NH2+]C2)CC(C)C,low,30,1,1
adapt-ens-low-46,CC=CC[C@H](N=CC1[CH]N1C)c1cncc2c1NC[C](C)CCN2C,CC=CC[C@H](N=CC1[CH]N1C)c1cncc2c1NC[C](C)CCN2C,CC=CC[C@@H](c1c[nH+]cc2c1NC[C](CCN2C)C)N=CC3[CH][NH+]3C,low,42,0,2
adapt-ens-low-47,CN1CCC2=C3CC4C=C(N3)C(=C2CC=C[CH]Cc2cccc1c2)C=CN4C,CN1CCC2=C3CC4C=C(N3)C(=C2CC=C[CH]Cc2cccc1c2)C=CN4C,C[NH+]1C=CC2=C3CC=C[CH]Cc4cccc(c4)N(CCC3=C5CC1C=C2N5)C,low,61,1,1
adapt-ens-low-48,CC=CC(=O)C=C1N=C2C=C(C=CN2)C12C=CNC1=CC(C)C(N)=CC=C12,CC=CC(=O)C=C1N=C2C=C(C=CN2)C12C=CNC1=CC(C)C(N)=CC=C12,CC=CC(=O)C=C1C2(C=CNC3=CC(C(=CC=C32)[NH3+])C)C4=CC(=[NH+]1)NC=C4,low,58,1,1
adapt-ens-low-49,C[C@]12CCNC1C[C@H]1C=CCC=C3C(=CNC=CC34C=CC=C(N)N4)[C@@H]12,C[C@]12CCNC1C[C@H]1C=CCC=C3C(=CNC=CC34C=CC=C(N)N4)[C@@H]12,C[C@]12CC[NH2+]C1C[C@@H]3[C@@H]2C4=CNC=CC5(C4=CCC=C3)C=CC=C([NH2+]5)N,low,56,1,1
adapt-ens-low-50,CC=CC[CH]NC1=C(C#CCNC)C=C(C=O)CCC1,CC=CC[CH]NC1=C(C#CCNC)C=C(C=O)CCC1,CC=CC[CH][NH2+]C1=C(C=C(CCC1)C=O)C#CC[NH2+]C,low,39,1,1
adapt-ens-low-51,O=c1c2ccccc2oc2c([C@@H]3CC=C4CCN[C@H]43)cncc12,O=c1c2ccccc2oc2c([C@@H]3CC=C4CCN[C@H]43)cncc12,c1ccc2c(c1)c(=O)c3cncc(c3o2)[C@@H]4CC=C5[C@H]4[NH2+]CC5,low,66,1,1
adapt-ens-low-52,CC=CCF,CC=CCF,CC=CCF,low,41,1,1
adapt-ens-low-53,Nc1cccc(NC=CC2C=C[C@@H]2CCC[C@@H]2CC=CC[C@H]2N)c1,Nc1cccc(NC=CC2C=C[C@@H]2CCC[C@@H]2CC=CC[C@H]2N)c1,c1cc(cc(c1)NC=CC2C=C[C@@H]2CCC[C@@H]3CC=CC[C@H]3[NH3+])N,low,23,0,4
adapt-ens-low-54,C=C(C)C=CNC=CCC12C(=O)CC3NC1C[C@@H](C=CC)CC32,C=C(C)C=CNC=CCC12C(=O)CC3NC1C[C@@H](C=CC)CC32,CC=C[C@H]1CC2C3CC(=O)C2(C(C1)[NH2+]3)CC=CNC=CC(=C)C,low,6,0,2
adapt-ens-low-55,CC=CC[C@@H](C=CNC=C1C2=CC3=C(C)C(C1=NC3)C(C)C2)N=CC=O,CC=CC[C@@H](C=CNC=C1C2=CC3=C(C)C(C1=NC3)C(C)C2)N=CC=O,CC=CC[C@@H](C=CNC=C1C2=CC3=C(C(C1=NC3)C(C2)C)C)N=CC=O,low,43,1,1
adapt-ens-low-56,CC1=CC[C@@H](c2cncc(C(=O)[C@@H](C)CCCN)c2O)NC2=CC=CC(C2)N=CN1,CC1=CC[C@@H](c2cncc(C(=O)[C@@H](C)CCCN)c2O)NC2=CC=CC(C2)N=CN1,CC1=CC[C@H]([NH2+]C2=CC=CC(C2)[NH+]=CN1)c3cncc(c3O)C(=O)[C@@H](C)CCC[NH3+],low,71,1,1
adapt-ens-low-57,CC1=CC2[CH]CC3C4=CC1(CC=C42)CC3=C(C)C=C[NH],CC1=CC2[CH]CC3C4=CC1(CC=C42)CC3=C(C)C=C[NH],CC1=CC2[CH]CC3C(=C(C)C=C[NH2+])CC14CC=C2C3=C4,low,3,1,1
adapt-ens-low-58,CC1=CC[C@@H](CC2C[CH]C(=O)N=CC(C)=C(C)C=C2CCN)OC1,CC1=CC[C@@H](CC2C[CH]C(=O)N=CC(C)=C(C)C=C2CCN)OC1,CC1=CC[C@H](OC1)CC2C[CH]C(=O)N=CC(=C(C=C2CC[NH3+])C)C,low,11,1,1
adapt-ens-low-59,CC=CC(=O)c1cnc2c3c1C(=O)C=NC[C@]2(C)C(=O)CN3C,CC=CC(=O)c1cnc2c3c1C(=O)C=NC[C@]2(C)C(=O)CN3C,CC=CC(=O)c1cnc2c3c1C(=O)C=NC[C@@]2(C(=O)CN3C)C,low,64,1,1
adapt-ens-low-60,CC(C)=CCC1=C(N)C(NC=C[C@H](N)CCCC2CC=CC2)=C1,CC(C)=CCC1=C(N)C(NC=C[C@H](N)CCCC2CC=CC2)=C1,CC(=CCC1=C(C(=C1)NC=C[C@@H](CCCC2CC=CC2)[NH3+])[NH3+])C,low,25,1,1
adapt-ens-low-61,CC=C1C[C@@H](c2cncc(C(=CC=O)C(C)C)c2O)NC[C@@H]1N,CC=C1C[C@@H](c2cncc(C(=CC=O)C(C)C)c2O)NC[C@@H]1N,CC=C1C[C@H]([NH2+]C[C@@H]1N)c2cncc(c2O)C(=CC=O)C(C)C,low,70,1,1
adapt-ens-low-62,C=C(C)C=CCCC(=O)c1cncc(C2=CN=CN=CC[C@@H](N)CC2)c1O,C=C(C)C=CCCC(=O)c1cncc(C2=CN=CN=CC[C@@H](N)CC2)c1O,CC(=C)C=CCCC(=O)c1cncc(c1O)C2=C[NH+]=CN=CC[C@H](CC2)[NH3+],low,73,1,1
adapt-ens-low-63,CC1=CC[C@@H](CCC[C@@H](N)C=C2Cc3cccc(c3)N2)[C@@H]1N,CC1=CC[C@@H](CCC[C@@H](N)C=C2Cc3cccc(c3)N2)[C@@H]1N,CC1=CC[C@H]([C@@H]1[NH3+])CCC[C@H](C=C2Cc3cccc(c3)N2)[NH3+],low,20,0,2
adapt-ens-low-64,CC=CC[C@H]1CCC2C=C3C=C4CC(=C3[C@@H]2N)NC=C4C(=O)C=N1,CC=CC[C@H]1CCC2C=C3C=C4CC(=C3[C@@H]2N)NC=C4C(=O)C=N1,CC=CC[C@H]1CCC2C=C3C=C4CC(=C3[C@@H]2[NH3+])NC=C4C(=O)C=N1,low,48,1,1
adapt-ens-low-65,C=CC=NC1=C[C@@H]2CC=CCCNN12,C=CC=NC1=C[C@@H]2CC=CCCNN12,C=CC=NC1=C[C@H]2N1[NH2+]CCC=CC2,low,77,1,1
adapt-ens-low-66,CC(C)(N)c1c[nH]c(NC=C[C@H](N)CCC[C@@H]2CC=CC[C@H]2N)c1,CC(C)(N)c1c[nH]c(NC=C[C@H](N)CCC[C@@H]2CC=CC[C@H]2N)c1,CC(C)(c1cc([nH]c1)NC=C[C@@H](CCC[C@@H]2CC=CC[C@H]2[NH3+])[NH3+])[NH3+],low,23,0,4
adapt-ens-low-67,CC=C1C[C@@H](CCC[C@@H]2CCN3CC(C(C)(C)C)=C4CNC=CC2=C43)O[C@@H]1N,CC=C1C[C@@H](CCC[C@@H]2CCN3CC(C(C)(C)C)=C4CNC=CC2=C43)O[C@@H]1N,CC=C1C[C@H](O[C@@H]1[NH3+])CCC[C@@H]2CC[NH+]3CC(=C4C3=C2C=C[NH2+]C4)C(C)(C)C,low,19,1,1
adapt-ens-low-68,CC=C[C@@H]1CC2NCC[C@]2(C)[C@H]1C=CNC=CC(C)C(C)=O,CC=C[C@@H]1CC2NCC[C@]2(C)[C@H]1C=CNC=CC(C)C(C)=O,CC=C[C@@H]1CC2[C@@]([C@H]1C=CNC=CC(C)C(=O)C)(CC[NH2+]2)C,low,55,1,2
adapt-ens-low-69,C[C](CCC=CN(C)C)CCN(C)C(=O)[CH]CCCC1CC=CC1,C[C](CCC=CN(C)C)CCN(C)C(=O)[CH]CCCC1CC=CC1,C[C](CCC=C[NH+](C)C)CCN(C)C(=O)[CH]CCCC1CC=CC1,low,28,1,1
adapt-ens-low-70,CC1=CC=C(N)C(=C[C@H](N)CCC[C@@H]2CC=C=CC(N)=N2)NC=C1,CC1=CC=C(N)C(=C[C@H](N)CCC[C@@H]2CC=C=CC(N)=N2)NC=C1,CC1=CC=C(C(=C[C@@H](CCC[C@@H]2CC=C=CC(=[NH+]2)N)[NH3+])NC=C1)[NH3+],low,22,0,2
adapt-ens-low-71,C/C=C/C1C=C2NC=C(c3cccc(N)c3)C=C2CC=N1,C/C=C/C1C=C2NC=C(c3cccc(N)c3)C=C2CC=N1,C/C=C/C1C=C2C(=CC(=CN2)c3cccc(c3)N)CC=N1,low,54,1,1
adapt-ens-low-72,CN1CC(=O)[C@H](N(C)C)C=CNC(=O)c2cccc1c2,CN1CC(=O)[C@H](N(C)C)C=CNC(=O)c2cccc1c2,CN1CC(=O)[C@@H](C=CNC(=O)c2cccc1c2)[NH+](C)C,low,60,1,2
adapt-ens-low-73,CC(C)(C=CNC=CC1CC=CC1)CCC=CC=CC=O,CC(C)(C=CNC=CC1CC=CC1)CCC=CC=CC=O,CC(C)(CCC=CC=CC=O)C=CNC=CC1CC=CC1,low,5,1,2
adapt-ens-low-74,CC1=C[CH]C23CNCC[C@]2(C2CC=CNC2)C3=C1C,CC1=C[CH]C23CNCC[C@]2(C2CC=CNC2)C3=C1C,CC1=C[CH]C23C[NH2+]CC[C@@]2(C3=C1C)C4CC=C[NH2+]C4,low,2,1,1
adapt-ens-low-75,CC=C[C@@H]1CC2NCC[C@]2(C)[C@H]1Cc1c[nH]cc2c(CCN)c(Cl)cc1-2,CC=C[C@@H]1CC2NCC[C@]2(C)[C@H]1Cc1c[nH]cc2c(CCN)c(Cl)cc1-2,CC=C[C@@H]1CC2[C@@]([C@H]1Cc3c[nH]cc-4c(c(cc34)Cl)CC[NH3+])(CC[NH2+]2)C,low,55,0,2
adapt-ens-low-76,NC1=CCCC(=CNC=C[C@@H]2CC=CCC(N)=N2)C2=CC(=CC2=O)C1,NC1=CCCC(=CNC=C[C@@H]2CC=CCC(N)=N2)C2=CC(=CC2=O)C1,C1CC(=CNC=C[C@@H]2CC=CCC(=[NH+]2)N)C3=CC(=CC3=O)CC(=C1)[NH3+],low,29,1,1
adapt-ens-low-77,CN1CC(=O)N=CC=CNC=CC2(C=CC=C(N)N2)C=CNC(=O)c2cccc1c2,CN1CC(=O)N=CC=CNC=CC2(C=CC=C(N)N2)C=CNC(=O)c2cccc1c2,CN1CC(=O)N=CC=CNC=CC2(C=CC=C([NH2+]2)N)C=CNC(=O)c3cccc1c3,low,60,0,2
adapt-ens-low-78,CNC=CC[C@@H](CC1=CC=[N+]C=C1)[C@H](N)CCC[C@@H]1CC=CC[C@H]1N,CNC=CC[C@@H](CC1=CC=[N+]C=C1)[C@H](N)CCC[C@@H]1CC=CC[C@H]1N,C[NH2+]C=CC[C@@H](CC1=CC=[N+]C=C1)[C@@H](CCC[C@@H]2CC=CC[C@H]2[NH3+])[NH3+],low,23,0,4
adapt-ens-low-79,C=CNCC[C]1CC23C=CC4=C(C2=N1)N(C)CNC4=C3C=CNC=O,C=CNCC[C]1CC23C=CC4=C(C2=N1)N(C)CNC4=C3C=CNC=O,C[NH+]1CNC2=C(C34C[C](N=C3C1=C2C=C4)CC[NH2+]C=C)C=CNC=O,low,82,1,1
adapt-ens-low-80,CC1C(=CNCC[C@@H]2CC=CC[C@H]2N)c2ccccc2C(I)=C1N,CC1C(=CNCC[C@@H]2CC=CC[C@H]2N)c2ccccc2C(I)=C1N,CC1C(=C[NH2+]CC[C@@H]2CC=CC[C@H]2[NH3+])c3ccccc3C(=C1[NH3+])I,low,24,1,1
adapt-ens-low-81,C[C]1CCN(C)c2cncc(c2)C=CCN(C)C1=O,C[C]1CCN(C)c2cncc(c2)C=CCN(C)C1=O,C[C]1CCN(c2cc(cnc2)C=CCN(C1=O)C)C,low,62,1,1
adapt-ens-low-82,CC=C1C[C@@H](CCNc2cc3cc(c2)C32C[C](C)CC2=O)[C@@H]1N,CC=C1C[C@@H](CCNc2cc3cc(c2)C32C[C](C)CC2=O)[C@@H]1N,CC=C1C[C@H]([C@@H]1[NH3+])CCNc2cc3cc(c2)C34C[C](CC4=O)C,low,17,1,1
adapt-ens-low-83,C=C(N)C=C(C)C=CNC=C[C@H](N)CCCC=CC=CC,C=C(N)C=C(C)C=CNC=C[C@H](N)CCCC=CC=CC,CC=CC=CCCC[C@H](C=CNC=CC(=CC(=C)[NH3+])C)[NH3+],low,8,1,1
adapt-ens-low-84,C[C@@]12CCC=CNC3=CC4(C=CC=C(N)N3)CC=C[C@@H]1CCNCC4C2=O,C[C@@]12CCC=CNC3=CC4(C=CC=C(N)N3)CC=C[C@@H]1CCNCC4C2=O,C[C@@]12CCC=CNC3=CC4(CC=C[C@@H]1CC[NH2+]CC4C2=O)C=CC=C(N3)[NH3+],low,57,1,1
adapt-ens-low-85,C=CNCC[C]CC[C@H]1CC2=C(c3cccnc3)C(=O)CC1C2=O,C=CNCC[C]CC[C@H]1CC2=C(c3cccnc3)C(=O)CC1C2=O,C=C[NH2+]CC[C]CC[C@H]1CC2=C(C(=O)CC1C2=O)c3cccnc3,low,34,1,1
adapt-ens-low-86,C=CC=C1NC=NC=C1C(=O)CN(C)c1cncc(C(=O)C=CC)c1,C=CC=C1NC=NC=C1C(=O)CN(C)c1cncc(C(=O)C=CC)c1,CC=CC(=O)c1cc(cnc1)N(C)CC(=O)C2=C[NH+]=CNC2=CC=C,low,109,1,1
adapt-ens-low-87,CC1=CC(=O)CN([CH]CC=N[C@H]2C=CCCc3ncccc32)CC1,CC1=CC(=O)CN([CH]CC=N[C@H]2C=CCCc3ncccc32)CC1,CC1=CC(=O)C[NH+](CC1)[CH]CC=N[C@H]2C=CCCc3c2cccn3,low,67,1,1
adapt-ens-low-88,CC=CC[C](C)CC1NCCC(=O)C2=CN(CSc3ccc(F)cc3)C2C1=O,CC=CC[C](C)CC1NCCC(=O)C2=CN(CSc3ccc(F)cc3)C2C1=O,CC=CC[C](C)CC1C(=O)C2C(=C[NH+]2CSc3ccc(cc3)F)C(=O)CC[NH2+]1,low,38,1,1
adapt-ens-low-89,Cc1c[nH]c2cn(C(=O)[C@H](C)NC(=O)C[C@H]3C=C(N)CC=CC3)c-2c1,Cc1c[nH]c2cn(C(=O)[C@H](C)NC(=O)C[C@H]3C=C(N)CC=CC3)c-2c1,Cc1cc-2n(cc2[nH]c1)C(=O)[C@H](C)NC(=O)C[C@@H]3CC=CCC(=C3)[NH3+],low,12,1,1
adapt-ens-low-90,NC1=CNC(N)=CC=CN(C(=O)[CH]CCC2C=C3CC=CC[C@@H]2N3)C1,NC1=CNC(N)=CC=CN(C(=O)[CH]CCC2C=C3CC=CC[C@@H]2N3)C1,C1C=CCC2=CC([C@H]1[NH2+]2)CC[CH]C(=O)N3CC(=CNC(=CC=C3)[NH3+])[NH3+],low,13,1,1
adapt-ens-low-91,C=CNC(=O)[CH]CC1[C]C23CC(C)(C)CCC=C2C=C1C3=O,C=CNC(=O)[CH]CC1[C]C23CC(C)(C)CCC=C2C=C1C3=O,CC1(CCC=C2C=C3C([C]C2(C1)C3=O)C[CH]C(=O)NC=C)C,low,111,1,1
adapt-ens-low-92,CC=C[P]C(=O)C=CN=C1[C](N)CCC1(C)C=CC=CNC,CC=C[P]C(=O)C=CN=C1[C](N)CCC1(C)C=CC=CNC,CC=C[P]C(=O)C=CN=C1[C](CCC1(C)C=CC=C[NH2+]C)[NH3+],low,115,1,1
adapt-ens-low-93,CC=CC[C@@H](C=C1NC=CC(CF)C1=O)C(=O)[O-],CC=CC[C@@H](C=C1NC=CC(CF)C1=O)C(=O)[O-],CC=CC[C@@H](C=C1C(=O)C(C=CN1)CF)C(=O)[O-],low,45,1,1
adapt-ens-low-94,CC=C1C[C@@H](c2c3ncc(c2O)C(=O)C3CCN(C)C)C[C@@H]1N,CC=C1C[C@@H](c2c3ncc(c2O)C(=O)C3CCN(C)C)C[C@@H]1N,CC=C1C[C@H](C[C@@H]1[NH3+])c2c(c3cnc2C(C3=O)CC[NH+](C)C)[O-],low,18,1,1
adapt-ens-low-95,CC=CC1CN[C@@H]1c1cnc2c(c1N)CC1CCC[C@]1(C)C[CH]2,CC=CC1CN[C@@H]1c1cnc2c(c1N)CC1CCC[C@]1(C)C[CH]2,CC=CC1C[NH2+][C@@H]1c2c[nH+]c3c(c2N)CC4CCC[C@@]4(C[CH]3)C,low,51,1,1
adapt-ens-low-96,CC(C=CCCC1=CC(N)C(C=CNC=CC2CC=CC2)=C1)=CN,CC(C=CCCC1=CC(N)C(C=CNC=CC2CC=CC2)=C1)=CN,CC(=C[NH3+])C=CCCC1=CC(C(=C1)C=CNC=CC2CC=CC2)[NH3+],low,5,0,2
adapt-ens-low-97,CC=C[CH]CC1CC2=CC=C(c3cccnc3)C(=O)C2CN1,CC=C[CH]CC1CC2=CC=C(c3cccnc3)C(=O)C2CN1,CC=C[CH]CC1CC2=CC=C(C(=O)C2C[NH2+]1)c3cccnc3,low,33,1,2
adapt-ens-low-98,CC=C[CH]CC1C(=O)NC=CC2=CC=C(c3cccnc3)C(=O)CCN21,CC=C[CH]CC1C(=O)NC=CC2=CC=C(c3cccnc3)C(=O)CCN21,CC=C[CH]CC1C(=O)NC=CC2=CC=C(C(=O)CC[NH+]12)c3cccnc3,low,33,0,2
adapt-ens-low-99,C=CC[C@@H](O)CC[C](C)C1=NC=C2C(=CN2CC=C(C)C)C1C,C=CC[C@@H](O)CC[C](C)C1=NC=C2C(=CN2CC=C(C)C)C1C,CC1C2=CN(C2=CN=C1[C](C)CC[C@@H](CC=C)O)CC=C(C)C,low,75,1,1
adapt-ens-medium-0,NC=NCN(C=N[n+]1ccncc1C(N)=O)[C@H]1O[C@H](COP(=O)(O)O)[C@@H](O)[C@H]1O,NC=NCN(C=N[n+]1ccncc1C(N)=O)[C@H]1O[C@H](COP(=O)(O)O)[C@@H](O)[C@H]1O,c1c[n+](c(cn1)C(=O)N)N=CN(C[NH+]=CN)[C@@H]2[C@@H]([C@@H]([C@H](O2)COP(=O)([O-])[O-])O)O,medium,143,0,20
adapt-ens-medium-1,NC(=O)c1cncc[n+]1N=C1N[C@H](COP(=O)(O)O)[C@@H](O)[C@H]1OCO[C@H](COP(=O)(O)O)C(=O)O,NC(=O)c1cncc[n+]1N=C1N[C@H](COP(=O)(O)O)[C@@H](O)[C@H]1OCO[C@H](COP(=O)(O)O)C(=O)O,c1c[n+](c(cn1)C(=O)N)N=C2[C@@H]([C@@H]([C@H](N2)COP(=O)([O-])[O-])O)OCO[C@H](COP(=O)([O-])[O-])C(=O)[O-],medium,143,0,20
adapt-ens-medium-2,NC(=O)c1cnc2c[n+]1N=CN[C@H]([CH]O[C@H](O)[CH]O)[C@H](O)CON2,NC(=O)c1cnc2c[n+]1N=CN[C@H]([CH]O[C@H](O)[CH]O)[C@H](O)CON2,c1c([n+]2cc(n1)NOC[C@H]([C@H](NC=N2)[CH]O[C@@H]([CH]O)O)O)C(=O)N,medium,148,1,2
adapt-ens-medium-3,NC(=O)C=C1N=CC=[N+]1N=CN=CN=C[CH]O[C@@H](C[CH]NCC=C1C=C(COP(=O)(O)O)[C@@H](O)[C@H]1O)COP(=O)(O)O,NC(=O)C=C1N=CC=[N+]1N=CN=CN=C[CH]O[C@@H](C[CH]NCC=C1C=C(COP(=O)(O)O)[C@@H](O)[C@H]1O)COP(=O)(O)O,C1=NC(=CC(=O)N)[N+](=C1)N=C[NH+]=CN=C[CH]O[C@@H](C[CH][NH2+]CC=C2C=C([C@H]([C@H]2O)O)COP(=O)([O-])[O-])COP(=O)([O-])[O-],medium,138,0,7
adapt-ens-medium-4,C=CO[PH](=O)OC[C@@H](O)[C@@H](O)[C@@H](O)CN[N+]1=CC=NC=CC(=O)N1,C=CO[PH](=O)OC[C@@H](O)[C@@H](O)[C@@H](O)CN[N+]1=CC=NC=CC(=O)N1,C=COP(=O)OC[C@H]([C@H]([C@H](CN[N+]1=CC=NC=CC(=O)N1)O)O)O,medium,121,0,3
adapt-ens-medium-5,NC(=O)c1cncc[n+]1N=C1N[C@H](COP(=O)(O)O)[C@@H](O)[C@H]1Oc1ncc(N)cc1N=CN[CH]O,NC(=O)c1cncc[n+]1N=C1N[C@H](COP(=O)(O)O)[C@@H](O)[C@H]1Oc1ncc(N)cc1N=CN[CH]O,c1c[n+](c(cn1)C(=O)N)N=C2[C@@H]([C@@H]([C@H](N2)COP(=O)([O-])[O-])O)Oc3c(cc(cn3)N)[NH+]=CN[CH]O,medium,143,0,20
adapt-ens-medium-6,N=CNC(=O)CO[n+]1nc2n(c1C=NC=CC(N)=O)[CH]O[C@H](COP(=O)(O)O)[CH]2,N=CNC(=O)CO[n+]1nc2n(c1C=NC=CC(N)=O)[CH]O[C@H](COP(=O)(O)O)[CH]2,[CH]1c2n[n+](c(n2[CH]O[C@@H]1COP(=O)([O-])[O-])C=NC=CC(=O)N)OCC(=O)NC=[NH2+],medium,134,1,1
adapt-ens-medium-7,C=COC(=O)C(COP(=O)(O)O)=NC=N[N+]1=CC=NC=CC(=O)N1,C=COC(=O)C(COP(=O)(O)O)=NC=N[N+]1=CC=NC=CC(=O)N1,C=COC(=O)C(=NC=N[N+]1=CC=NC=CC(=O)N1)COP(=O)([O-])[O-],medium,121,1,3
adapt-ens-medium-8,NC(=O)c1cncc[n+]1N=CN1[C@H](COP(=O)(O)O)C[C@@H](O)[C@H]1O,NC(=O)c1cncc[n+]1N=CN1[C@H](COP(=O)(O)O)C[C@@H](O)[C@H]1O,c1c[n+](c(cn1)C(=O)N)N=CN2[C@@H](C[C@H]([C@H]2O)O)COP(=O)([O-])[O-],medium,138,0,7
adapt-ens-medium-9,CN1C=NC=C[N+](=CC=NC=CC(N)=O)N[C@@H]2C[C@@H](COP(=O)(O)O1)[C@@H](O)C2,CN1C=NC=C[N+](=CC=NC=CC(N)=O)N[C@@H]2C[C@@H](COP(=O)(O)O1)[C@@H](O)C2,CN1C=[NH+]C=C[N+](=CC=NC=CC(=O)N)N[C@@H]2C[C@@H](COP(=O)(O1)[O-])[C@H](C2)O,medium,120,1,1
adapt-ens-medium-10,NC(=O)C1=CN=CC(N)=NN=CN=CN1[C@@H]1O[C@H](COP(=O)(O)O)[C@@H](O)[C@H]1O,NC(=O)C1=CN=CC(N)=NN=CN=CN1[C@@H]1O[C@H](COP(=O)(O)O)[C@@H](O)[C@H]1O,C1=C(N(C=[NH+]C=N[NH+]=C(C=N1)N)[C@H]2[C@@H]([C@@H]([C@H](O2)COP(=O)([O-])[O-])O)O)C(=O)N,medium,145,0,12
adapt-ens-medium-11,[CH]CN([CH]O[CH]COP(=O)(O)O)C=N[n+]1cc2nccc(=O)[nH][nH]c-2co1,[CH]CN([CH]O[CH]COP(=O)(O)O)C=N[n+]1cc2nccc(=O)[nH][nH]c-2co1,[CH]CN(C=N[n+]1cc-2nccc(=O)[nH][nH]c2co1)[CH]O[CH]COP(=O)([O-])[O-],medium,125,1,1
adapt-ens-medium-12,C=CCO[C@@H]1[C@H](O)[C@@H](COP(=O)(O)O)O[C@H]1[C@@H]1NC=N[n+]2ccncc2C(=O)N1,C=CCO[C@@H]1[C@H](O)[C@@H](COP(=O)(O)O)O[C@H]1[C@@H]1NC=N[n+]2ccncc2C(=O)N1,C=CCO[C@@H]1[C@@H]([C@H](O[C@H]1[C@@H]2NC=N[n+]3ccncc3C(=O)N2)COP(=O)([O-])[O-])O,medium,144,1,2
adapt-ens-medium-13,C=CC(COP(=O)(O)O)=NC=N[C@H]1C(=NC=CC(N)=O)C#C[C@H](O)[C@@H]1O,C=CC(COP(=O)(O)O)=NC=N[C@H]1C(=NC=CC(N)=O)C#C[C@H](O)[C@@H]1O,C=CC(=NC=[NH+][C@@H]1[C@H]([C@H](C#CC1=NC=CC(=O)N)O)O)COP(=O)([O-])[O-],medium,131,0,3
adapt-ens-medium-14,[CH][C@@H](COP(=O)(O)O)O[CH]NC1=NC=N[n+]2cc3ncc2C(=O)NNC3=CO[CH]OC1,[CH][C@@H](COP(=O)(O)O)O[CH]NC1=NC=N[n+]2cc3ncc2C(=O)NNC3=CO[CH]OC1,[CH][C@@H](COP(=O)([O-])[O-])O[CH]NC1=[NH+]C=N[n+]2cc3ncc2C(=O)NNC3=CO[CH]OC1,medium,124,1,1
adapt-ens-medium-15,NC(=O)C=CN=CC1=[N+](N=C2C[C@H](O)C(COP(=O)(O)O)=N2)C(=O)N1,NC(=O)C=CN=CC1=[N+](N=C2C[C@H](O)C(COP(=O)(O)O)=N2)C(=O)N1,C1[C@@H](C(=NC1=N[N+]2=C(NC2=O)C=NC=CC(=O)N)COP(=O)([O-])[O-])O,medium,136,0,6
adapt-ens-medium-16,NC(=O)C=C1N=CC=[N+]1N=CN(c1cnc[nH]1)[C@H]1O[C@H](COP(=O)(O)O)[C@@H](O)[C@H]1O,NC(=O)C=C1N=CC=[N+]1N=CN(c1cnc[nH]1)[C@H]1O[C@H](COP(=O)(O)O)[C@@H](O)[C@H]1O,c1c([nH]cn1)N(C=N[N+]2=CC=NC2=CC(=O)N)[C@@H]3[C@@H]([C@@H]([C@H](O3)COP(=O)([O-])[O-])O)O,medium,138,0,7
adapt-ens-medium-17,NC(=O)C=CN=CC=[N+](O)[C@H]([CH]O[C@H](O)C[CH]O)c1cncn1[CH]O[C@@H](C[CH]O)COP(=O)(O)O,NC(=O)C=CN=CC=[N+](O)[C@H]([CH]O[C@H](O)C[CH]O)c1cncn1[CH]O[C@@H](C[CH]O)COP(=O)(O)O,c1c(n(cn1)[CH]O[C@@H](C[CH]O)COP(=O)([O-])[O-])[C@@H]([CH]O[C@@H](C[CH]O)O)[N+](=CC=NC=CC(=O)N)O,medium,141,1,4
adapt-ens-medium-18,Nc1ncc(N=CN[CH]O[CH]COP(=O)(O)O)c(NC2=COC3[CH]O[C@H](O)[C@H](O)[CH]C(=CN=C3)C(=O)N2)n1,Nc1ncc(N=CN[CH]O[CH]COP(=O)(O)O)c(NC2=COC3[CH]O[C@H](O)[C@H](O)[CH]C(=CN=C3)C(=O)N2)n1,c1c(c(nc(n1)N)NC2=COC3C=NC=C([CH][C@H]([C@H](O[CH]3)O)O)C(=O)N2)[NH+]=CN[CH]O[CH]COP(=O)([O-])[O-],medium,126,1,1
adapt-ens-medium-19,NC(=O)C=CN=CC=[N+](O)[C@H](O)[CH]Nc1ncnc2c1ncn2[CH]O[C@H](COP(=O)(O)O)C(=O)O,NC(=O)C=CN=CC=[N+](O)[C@H](O)[CH]Nc1ncnc2c1ncn2[CH]O[C@H](COP(=O)(O)O)C(=O)O,c1nc(c2c(n1)n(cn2)[CH]O[C@H](COP(=O)([O-])[O-])C(=O)[O-])N[CH][C@H]([N+](=CC=NC=CC(=O)N)O)O,medium,141,0,4
adapt-ens-medium-20,NC(=O)c1cncc[n+]1N=CN[C@@H](C[CH]Nc1ncncc1[C@@H](COP(=O)(O)O)C(=O)O)COP(=O)(O)O,NC(=O)c1cncc[n+]1N=CN[C@@H](C[CH]Nc1ncncc1[C@@H](COP(=O)(O)O)C(=O)O)COP(=O)(O)O,c1c[n+](c(cn1)C(=O)N)N=CN[C@@H](C[CH]Nc2c(cncn2)[C@@H](COP(=O)([O-])[O-])C(=O)[O-])COP(=O)([O-])[O-],medium,143,0,20
adapt-ens-medium-21,NC(=O)C=C1N=CC=[N+]1N=CN=C(C=CN=CN1[CH]O[C@H](COP(=O)(O)O)C[C@@H]1O)COP(=O)(O)O,NC(=O)C=C1N=CC=[N+]1N=CN=C(C=CN=CN1[CH]O[C@H](COP(=O)(O)O)C[C@@H]1O)COP(=O)(O)O,C1[C@H](O[CH]N([C@H]1O)C=[NH+]C=CC(=NC=N[N+]2=CC=NC2=CC(=O)N)COP(=O)([O-])[O-])COP(=O)([O-])[O-],medium,138,0,7
adapt-ens-medium-22,CC1=CN=CNc2c[n+](c(C(N)=O)cn2)N=CN[C@H](COP(=O)(O)O)C[CH]NC=N1,CC1=CN=CNc2c[n+](c(C(N)=O)cn2)N=CN[C@H](COP(=O)(O)O)C[CH]NC=N1,CC1=C[NH+]=CNc2c[n+](c(cn2)C(=O)N)N=CN[C@@H](C[CH]NC=[NH+]1)COP(=O)([O-])[O-],medium,148,0,2
adapt-ens-medium-23,NC(=O)C=C1N=CC=[N+](N=C2C[C@H](O)C(COP(=O)(O)O)=N2)C=C1N,NC(=O)C=C1N=CC=[N+](N=C2C[C@H](O)C(COP(=O)(O)O)=N2)C=C1N,C1[C@@H](C(=NC1=N[N+]2=CC=NC(=CC(=O)N)C(=C2)[NH3+])COP(=O)([O-])[O-])O,medium,136,1,6
adapt-ens-medium-24,NC(=O)c1cncc[n+]1N=CN[C@@H](C[CH]Nc1ncncc1[CH]COP(=O)(O)O)COP(=O)(O)O,NC(=O)c1cncc[n+]1N=CN[C@@H](C[CH]Nc1ncncc1[CH]COP(=O)(O)O)COP(=O)(O)O,c1c[n+](c(cn1)C(=O)N)N=CN[C@@H](C[CH]Nc2c(cncn2)[CH]COP(=O)([O-])[O-])COP(=O)([O-])[O-],medium,143,0,20
adapt-ens-medium-25,C=CCO[C@@H]1[C@H](O)[C@@H](COP(=O)(O)O)O[C@@H]1[C@@H]1NC=N[n+]2ccncc2C(=O)N1,C=CCO[C@@H]1[C@H](O)[C@@H](COP(=O)(O)O)O[C@@H]1[C@@H]1NC=N[n+]2ccncc2C(=O)N1,C=CCO[C@@H]1[C@@H]([C@H](O[C@@H]1[C@@H]2NC=N[n+]3ccncc3C(=O)N2)COP(=O)([O-])[O-])O,medium,144,0,2
adapt-ens-medium-26,NC(=O)C=CN=C1C=[S+][C@@H]2ONC(=O)[C@@H](COP(=O)(O)O)O[CH]C=NNC(N)=NC=N[C@@H]1[C@H]2O,NC(=O)C=CN=C1C=[S+][C@@H]2ONC(=O)[C@@H](COP(=O)(O)O)O[CH]C=NNC(N)=NC=N[C@@H]1[C@H]2O,C1=NNC(=[NH+]C=[NH+][C@@H]2[C@H]([C@@H](ONC(=O)[C@H](O[CH]1)COP(=O)([O-])[O-])[S+]=CC2=NC=CC(=O)N)O)N,medium,135,1,1
adapt-ens-medium-27,NC(=O)[C@@H](C[C@@H](O)[C@H](O)COP(=O)(O)OC=CN=CC=C[CH]O[CH]COP(=O)(O)O)Cn1cnc(O)n1,NC(=O)[C@@H](C[C@@H](O)[C@H](O)COP(=O)(O)OC=CN=CC=C[CH]O[CH]COP(=O)(O)O)Cn1cnc(O)n1,c1nc(nn1C[C@H](C[C@H]([C@@H](COP(=O)([O-])OC=CN=CC=C[CH]O[CH]COP(=O)([O-])[O-])O)O)C(=O)N)O,medium,142,1,1
adapt-ens-medium-28,NC(=O)C=CN=CC(F)=NN=CN=C1N[C@H](COP(=O)(O)O)[C@@H](O)[C@H]1O,NC(=O)C=CN=CC(F)=NN=CN=C1N[C@H](COP(=O)(O)O)[C@@H](O)[C@H]1O,C([C@@H]1[C@H]([C@H](C(=[NH+]C=[NH+]N=C(C=NC=CC(=O)N)F)N1)O)O)OP(=O)([O-])[O-],medium,133,0,5
adapt-ens-medium-29,NC(=O)C1=CN=CC(N)=NNCN=CN1[C@@H]1O[C@H](COP(=O)(O)O)[C@@H](O)[C@H]1O,NC(=O)C1=CN=CC(N)=NNCN=CN1[C@@H]1O[C@H](COP(=O)(O)O)[C@@H](O)[C@H]1O,C1NN=C(C=NC=C(N(C=[NH+]1)[C@H]2[C@@H]([C@@H]([C@H](O2)COP(=O)([O-])[O-])O)O)C(=O)N)N,medium,145,0,12
adapt-ens-medium-30,NC(=O)c1cncc[n+]1N=CN[C@H](COP(=O)(O)O)C[C@@H]1Nc2nc(N)ncc2N=CN1[CH]O[CH]COP(=O)(O)O,NC(=O)c1cncc[n+]1N=CN[C@H](COP(=O)(O)O)C[C@@H]1Nc2nc(N)ncc2N=CN1[CH]O[CH]COP(=O)(O)O,c1c[n+](c(cn1)C(=O)N)N=CN[C@@H](C[C@@H]2Nc3c(cnc(n3)N)[NH+]=CN2[CH]O[CH]COP(=O)([O-])[O-])COP(=O)([O-])[O-],medium,143,0,20
adapt-ens-medium-31,C=CN(C=Nc1ccncc1C(N)=O)[C@@H]1O[C@H](COP(=O)(O)O)[C@@H](O)[C@H]1O,C=CN(C=Nc1ccncc1C(N)=O)[C@@H]1O[C@H](COP(=O)(O)O)[C@@H](O)[C@H]1O,C=CN(C=[NH+]c1ccncc1C(=O)N)[C@H]2[C@@H]([C@@H]([C@H](O2)COP(=O)([O-])[O-])O)O,medium,146,1,8
adapt-ens-medium-32,COC(=O)C(C=NC=CC(N)=O)=CN=CN=CN=C[C@@H](O)[C@H](O)CO,COC(=O)C(C=NC=CC(N)=O)=CN=CN=CN=C[C@@H](O)[C@H](O)CO,COC(=O)C(=C[NH+]=C[NH+]=CN=C[C@H]([C@@H](CO)O)O)C=NC=CC(=O)N,medium,119,1,1
adapt-ens-medium-33,NC(=O)C=CN=CC=[N+](O)[C@H](O)[C@@H]1CO[C@H]2C(COP(=O)(O)O)=CC3=CC=NC(=NC=N1)C=C3[C@H]2O,NC(=O)C=CN=CC=[N+](O)[C@H](O)[C@@H]1CO[C@H]2C(COP(=O)(O)O)=CC3=CC=NC(=NC=N1)C=C3[C@H]2O,C1[C@H](N=C[NH+]=C2C=C3[C@H]([C@@H](O1)C(=CC3=CC=N2)COP(=O)([O-])[O-])O)[C@H]([N+](=CC=NC=CC(=O)N)O)O,medium,141,0,4
adapt-ens-medium-34,C=CN(C=N[n+]1ccncc1C(N)=O)[C@@H]1O[C@H](COP(=O)(O)O)[C@@H](O)[C@H]1O,C=CN(C=N[n+]1ccncc1C(N)=O)[C@@H]1O[C@H](COP(=O)(O)O)[C@@H](O)[C@H]1O,C=CN(C=N[n+]1ccncc1C(=O)N)[C@H]2[C@@H]([C@@H]([C@H](O2)COP(=O)([O-])[O-])O)O,medium,143,0,20
adapt-ens-medium-35,NC(=O)C1=CN=CC=[N+](O)[C@H](O)[CH]N=CN=C(N=CN=C2C=CC(COP(=O)(O)O)C=C2)C=CN1,NC(=O)C1=CN=CC=[N+](O)[C@H](O)[CH]N=CN=C(N=CN=C2C=CC(COP(=O)(O)O)C=C2)C=CN1,C1=CC(=NC=[NH+]C2=[NH+]C=N[CH][C@H]([N+](=CC=NC=C(NC=C2)C(=O)N)O)O)C=CC1COP(=O)([O-])[O-],medium,140,1,1
adapt-ens-medium-36,NCO[CH][CH]OC(CO[PH](=O)O)=NC=N[n+]1cc(=NC=CC(N)=O)[nH][nH]1,NCO[CH][CH]OC(CO[PH](=O)O)=NC=N[n+]1cc(=NC=CC(N)=O)[nH][nH]1,c1c(=NC=CC(=O)N)[nH][nH][n+]1N=CN=C(COP(=O)[O-])O[CH][CH]OC[NH3+],medium,117,1,1
adapt-ens-medium-37,NC(=O)C1=CN=CC(N)=NN=CN=CN1[CH]O[C@H](COP(=O)(O)O)[C@@H](O)CO,NC(=O)C1=CN=CC(N)=NN=CN=CN1[CH]O[C@H](COP(=O)(O)O)[C@@H](O)CO,C1=C(N(C=[NH+]C=N[NH+]=C(C=N1)N)[CH]O[C@H](COP(=O)([O-])[O-])[C@H](CO)O)C(=O)N,medium,145,0,12
adapt-ens-medium-38,NC(=O)c1cncc[n+]1N=CN(CNC1=NCC(=O)N1)[C@H]1O[C@H](COP(=O)(O)O)[C@@H](O)[C@H]1O,NC(=O)c1cncc[n+]1N=CN(CNC1=NCC(=O)N1)[C@H]1O[C@H](COP(=O)(O)O)[C@@H](O)[C@H]1O,c1c[n+](c(cn1)C(=O)N)N=CN(CNC2=[NH+]CC(=O)N2)[C@@H]3[C@@H]([C@@H]([C@H](O3)COP(=O)([O-])[O-])O)O,medium,143,0,20
adapt-ens-medium-39,NC(=O)C=CN=CC1=[N+]N=CN=C1N[C@H]1O[C@H](COP(=O)(O)O)[C@@H](O)[C@H]1O,NC(=O)C=CN=CC1=[N+]N=CN=C1N[C@H]1O[C@H](COP(=O)(O)O)[C@@H](O)[C@H]1O,C1=N[N+]=C(C(=[NH+]1)N[C@@H]2[C@@H]([C@@H]([C@H](O2)COP(=O)([O-])[O-])O)O)C=NC=CC(=O)N,medium,133,0,5
adapt-ens-medium-40,NC=C[N+](=CC=NC=CC(N)=O)N=C1C[C@H](O)C(COP(=O)(O)O)=N1,NC=C[N+](=CC=NC=CC(N)=O)N=C1C[C@H](O)C(COP(=O)(O)O)=N1,C1[C@@H](C(=NC1=N[N+](=CC=NC=CC(=O)N)C=C[NH3+])COP(=O)([O-])[O-])O,medium,136,0,6
adapt-ens-medium-41,NC(=O)C=CN=CC=[N+]1Oc2cc(COP(=O)(O)O)ccc2C=NC=NC=NC[C@@H](O)[C@H]1O,NC(=O)C=CN=CC=[N+]1Oc2cc(COP(=O)(O)O)ccc2C=NC=NC=NC[C@@H](O)[C@H]1O,c1cc2c(cc1COP(=O)([O-])[O-])O[N+](=CC=NC=CC(=O)N)[C@@H]([C@@H](C[NH+]=C[NH+]=CN=C2)O)O,medium,137,1,1
adapt-ens-medium-42,CC(COP(=O)(O)O)=NC=NC(C=O)=NC=N[CH]C[C@@H](COP(=O)(O)O)NC=N[n+]1ccncc1C(N)=O,CC(COP(=O)(O)O)=NC=NC(C=O)=NC=N[CH]C[C@@H](COP(=O)(O)O)NC=N[n+]1ccncc1C(N)=O,CC(=NC=[NH+]C(=[NH+]C=[NH+][CH]C[C@@H](COP(=O)([O-])[O-])NC=N[n+]1ccncc1C(=O)N)C=O)COP(=O)([O-])[O-],medium,143,0,20
adapt-ens-medium-43,NC(=O)C=CN=CC[N+]1[CH]O[C@H](COP(=O)(O)O)C[C@H](O)O1,NC(=O)C=CN=CC[N+]1[CH]O[C@H](COP(=O)(O)O)C[C@H](O)O1,C1[C@H](O[CH][N+](O[C@H]1O)CC=NC=CC(=O)N)COP(=O)([O-])[O-],medium,132,1,4
adapt-ens-medium-44,CC1=CN=CC(=O)NNC(=O)C=CN=CCB(O)[C@H](O)[CH]NC=N1,CC1=CN=CC(=O)NNC(=O)C=CN=CCB(O)[C@H](O)[CH]NC=N1,B1(CC=NC=CC(=O)NNC(=O)C=NC=C([NH+]=CN[CH][C@H]1O)C)O,medium,104,1,1
adapt-ens-medium-45,C=CC(COP(=O)(O)O)=NC=N[CH][C@@H](O)B(O)CC=NC=CC(N)=O,C=CC(COP(=O)(O)O)=NC=N[CH][C@@H](O)B(O)CC=NC=CC(N)=O,B(CC=NC=CC(=O)N)([C@@H]([CH][NH+]=CN=C(COP(=O)([O-])[O-])C=C)O)O,medium,131,1,3
adapt-ens-medium-46,NC(=O)C=CN=CC(N)=NN=CN=CN[C@@H]1O[C@H](COP(=O)(O)O)[C@@H](O)[C@H]1O,NC(=O)C=CN=CC(N)=NN=CN=CN[C@@H]1O[C@H](COP(=O)(O)O)[C@@H](O)[C@H]1O,C([C@@H]1[C@H]([C@H]([C@@H](O1)NC=[NH+]C=N[NH+]=C(C=NC=CC(=O)N)N)O)O)OP(=O)([O-])[O-],medium,133,0,5
adapt-ens-medium-47,C=CO[CH]CC(COP(=O)(O)O)=NC=N[N+]1=CC=NC=CC(=O)N1,C=CO[CH]CC(COP(=O)(O)O)=NC=N[N+]1=CC=NC=CC(=O)N1,C=CO[CH]CC(=NC=N[N+]1=CC=NC=CC(=O)N1)COP(=O)([O-])[O-],medium,121,0,3
adapt-ens-medium-48,NC(=O)[CH]O[C@@H]1CO[C@H](O)[C@@H]([CH]O)O[C@@H](OCO)C[C@H]1COP(=O)(O)O,NC(=O)[CH]O[C@@H]1CO[C@H](O)[C@@H]([CH]O)O[C@@H](OCO)C[C@H]1COP(=O)(O)O,C1[C@H]([C@@H](CO[C@@H]([C@H](O[C@H]1OCO)[CH]O)O)O[CH]C(=O)N)COP(=O)([O-])[O-],medium,147,1,1
adapt-ens-medium-49,NC(=O)c1cncc2c1ncn2[C@@H]1O[C@H](COP(=O)(O)O)[C@@H](O)[C@H]1O,NC(=O)c1cncc2c1ncn2[C@@H]1O[C@H](COP(=O)(O)O)[C@@H](O)[C@H]1O,c1c(c2c(cn1)n(cn2)[C@H]3[C@@H]([C@@H]([C@H](O3)COP(=O)([O-])[O-])O)O)C(=O)N,medium,145,0,12
adapt-ens-medium-50,NC(=O)c1cncc2n([C@H]3O[C@H](COP(=O)(O)O)[C@@H](O)[C@H]3O)cn[n+]12,NC(=O)c1cncc2n([C@H]3O[C@H](COP(=O)(O)O)[C@@H](O)[C@H]3O)cn[n+]12,c1c([n+]2c(cn1)n(cn2)[C@@H]3[C@@H]([C@@H]([C@H](O3)COP(=O)([O-])[O-])O)O)C(=O)N,medium,145,0,12
adapt-ens-medium-51,NC(=O)c1cncc[n+]1N=CN[C@H]1O[C@H](COP(=O)(O)O)[C@@H](O)[C@H]1O,NC(=O)c1cncc[n+]1N=CN[C@H]1O[C@H](COP(=O)(O)O)[C@@H](O)[C@H]1O,c1c[n+](c(cn1)C(=O)N)N=CN[C@@H]2[C@@H]([C@@H]([C@H](O2)COP(=O)([O-])[O-])O)O,medium,143,0,20
adapt-ens-medium-52,NC(=O)c1cncc[n+]1N=CN[C@@H]([CH]OC[C@@H](O)CO)[CH]O[C@H](O)[CH]O,NC(=O)c1cncc[n+]1N=CN[C@@H]([CH]OC[C@@H](O)CO)[CH]O[C@H](O)[CH]O,c1c[n+](c(cn1)C(=O)N)N=CN[C@@H]([CH]OC[C@H](CO)O)[CH]O[C@@H]([CH]O)O,medium,143,0,20
adapt-ens-medium-53,NC(=O)c1cnccc1N=CN1C=CNC(=O)[C@@H](O)[C@@H](O)O[C@@H]2[C@H](O)[C@@H](COP(=O)(O)O)O[C@@H]21,NC(=O)c1cnccc1N=CN1C=CNC(=O)[C@@H](O)[C@@H](O)O[C@@H]2[C@H](O)[C@@H](COP(=O)(O)O)O[C@@H]21,c1cncc(c1[NH+]=CN2C=CNC(=O)[C@H]([C@H](O[C@H]3[C@@H]2O[C@@H]([C@H]3O)COP(=O)([O-])[O-])O)O)C(=O)N,medium,146,0,8
adapt-ens-medium-54,O=c1[nH][nH]c2c1=CN=Cc1n3cn[n+]1C(C=2)[C@H]3O[C@@H]([CH]O)COP(=O)(O)O,O=c1[nH][nH]c2c1=CN=Cc1n3cn[n+]1C(C=2)[C@H]3O[C@@H]([CH]O)COP(=O)(O)O,c1n[n+]2c3n1[C@@H](C2C=c4c(=CN=C3)c(=O)[nH][nH]4)O[C@H](COP(=O)([O-])[O-])[CH]O,medium,122,1,1
adapt-ens-medium-55,NC(=O)C=CN=CCB(O)[C@H](O)[C@H]1Nc2nc(N)ncc2N=CN1[C@@H]1O[C@H](COP(=O)(O)O)[C@@H](O)[C@H]1O,NC(=O)C=CN=CCB(O)[C@H](O)[C@H]1Nc2nc(N)ncc2N=CN1[C@@H]1O[C@H](COP(=O)(O)O)[C@@H](O)[C@H]1O,B(CC=NC=CC(=O)N)([C@@H]([C@H]1Nc2c(cnc(n2)N)[NH+]=CN1[C@H]3[C@@H]([C@@H]([C@H](O3)COP(=O)([O-])[O-])O)O)O)O,medium,145,0,12
adapt-ens-medium-56,NC(=O)C=C1N=CC(N)=NN1[C@@H]1O[C@H](COP(=O)(O)O)[C@@H](O)[C@H]1O,NC(=O)C=C1N=CC(N)=NN1[C@@H]1O[C@H](COP(=O)(O)O)[C@@H](O)[C@H]1O,C1=NC(=CC(=O)N)[NH+](N=C1N)[C@H]2[C@@H]([C@@H]([C@H](O2)COP(=O)([O-])[O-])O)O,medium,145,0,12
adapt-ens-medium-57,NC(=O)CN=CN(C=C1NC(=O)[C@H](O)[C@H]1O)[C@H]1O[C@H](COP(=O)(O)O)[C@@H](O)[C@H]1O,NC(=O)CN=CN(C=C1NC(=O)[C@H](O)[C@H]1O)[C@H]1O[C@H](COP(=O)(O)O)[C@@H](O)[C@H]1O,C([C@@H]1[C@H]([C@H]([C@H](O1)N(C=C2[C@@H]([C@H](C(=O)N2)O)O)C=[NH+]CC(=O)N)O)O)OP(=O)([O-])[O-],medium,146,0,8
adapt-ens-medium-58,NC(=O)c1cncc[n+]1N=CN1CNC=NC2C(=O)NC(O)=C2O[C@@H]2[C@H](O)[C@@H](COP(=O)(O)O)O[C@@H]21,NC(=O)c1cncc[n+]1N=CN1CNC=NC2C(=O)NC(O)=C2O[C@@H]2[C@H](O)[C@@H](COP(=O)(O)O)O[C@@H]21,c1c[n+](c(cn1)C(=O)N)N=CN2CNC=[NH+]C3C(=C(NC3=O)O)O[C@H]4[C@@H]2O[C@@H]([C@H]4O)COP(=O)([O-])[O-],medium,143,0,20
adapt-ens-medium-59,NC(=O)C=C1N=Cc2n([C@H]3O[C@H](COP(=O)(O)O)[C@@H](O)[C@H]3O)cn[n+]21,NC(=O)C=C1N=Cc2n([C@H]3O[C@H](COP(=O)(O)O)[C@@H](O)[C@H]3O)cn[n+]21,c1n[n+]2c(n1[C@@H]3[C@@H]([C@@H]([C@H](O3)COP(=O)([O-])[O-])O)O)C=NC2=CC(=O)N,medium,145,1,12
adapt-ens-medium-60,NC(=O)c1cncc[n+]1N=CN[C@@H](C[CH]CO)COP(=O)(O)O,NC(=O)c1cncc[n+]1N=CN[C@@H](C[CH]CO)COP(=O)(O)O,c1c[n+](c(cn1)C(=O)N)N=CN[C@@H](C[CH]CO)COP(=O)([O-])[O-],medium,143,0,20
adapt-ens-medium-61,C=COC(C=NC=CC(N)=O)=NC[C@@H]1[CH][C@H](O)[C@@H](COP(=O)(O)O)O1,C=COC(C=NC=CC(N)=O)=NC[C@@H]1[CH][C@H](O)[C@@H](COP(=O)(O)O)O1,C=COC(=NC[C@@H]1[CH][C@@H]([C@H](O1)COP(=O)([O-])[O-])O)C=NC=CC(=O)N,medium,133,0,5
adapt-ens-medium-62,NC(=O)c1cncc[n+]1N=C1C=NCN1[C@@H]1O[C@H](COP(=O)(O)O)[C@@H](O)[C@H]1O,NC(=O)c1cncc[n+]1N=C1C=NCN1[C@@H]1O[C@H](COP(=O)(O)O)[C@@H](O)[C@H]1O,c1c[n+](c(cn1)C(=O)N)N=C2C=NCN2[C@H]3[C@@H]([C@@H]([C@H](O3)COP(=O)([O-])[O-])O)O,medium,143,0,20
adapt-ens-medium-63,NC(=O)[C@H](O)[C@H](O)CN=CN=C(CO[PH](=O)O)OC[CH]O,NC(=O)[C@H](O)[C@H](O)CN=CN=C(CO[PH](=O)O)OC[CH]O,C([CH]O)OC(=NC=[NH+]C[C@H]([C@H](C(=O)N)O)O)COP(=O)[O-],medium,116,1,1
adapt-ens-medium-64,O=C1NNC2=CN([C@H]3O[C@H](COP(=O)(O)O)[C@@H](O)[C@H]3O)C=N[n+]3c1cncc32,O=C1NNC2=CN([C@H]3O[C@H](COP(=O)(O)O)[C@@H](O)[C@H]3O)C=N[n+]3c1cncc32,c1c2c3=CN(C=N[n+]2c(cn1)c(=O)[nH][nH]3)[C@@H]4[C@@H]([C@@H]([C@H](O4)COP(=O)([O-])[O-])O)O,medium,145,0,12
adapt-ens-medium-65,O=C1C=CN=C2C=[N+](O)[C@H](O)[CH]N=CN=C([C@H]([CH]O)COP(=O)(O)O)[CH]OC=C2NN1,O=C1C=CN=C2C=[N+](O)[C@H](O)[CH]N=CN=C([C@H]([CH]O)COP(=O)(O)O)[CH]OC=C2NN1,C1=CN=C2C=[N+]([C@@H]([CH]N=CN=C([CH]OC=C2NNC1=O)[C@@H](COP(=O)([O-])[O-])[CH]O)O)O,medium,123,1,1
adapt-ens-medium-66,NC(=O)C=C1N=Cc2n([C@@H]3O[C@H](COP(=O)(O)O)[C@@H](O)[C@H]3O)cn[n+]21,NC(=O)C=C1N=Cc2n([C@@H]3O[C@H](COP(=O)(O)O)[C@@H](O)[C@H]3O)cn[n+]21,c1n[n+]2c(n1[C@H]3[C@@H]([C@@H]([C@H](O3)COP(=O)([O-])[O-])O)O)C=NC2=CC(=O)N,medium,145,0,12
adapt-ens-medium-67,NC(=O)C=C1N=CC=[N+]1N=CN[C@@H](C[CH]O)COP(=O)(O)O,NC(=O)C=C1N=CC=[N+]1N=CN[C@@H](C[CH]O)COP(=O)(O)O,C1=NC(=CC(=O)N)[N+](=C1)N=CN[C@@H](C[CH]O)COP(=O)([O-])[O-],medium,138,0,7
adapt-ens-medium-68,NC(=O)C=CN=CC[C@H](N[C@@H]1[CH][C@H](O)[C@@H](COP(=O)(O)O)C1)C(N)=O,NC(=O)C=CN=CC[C@H](N[C@@H]1[CH][C@H](O)[C@@H](COP(=O)(O)O)C1)C(N)=O,C1[C@@H]([CH][C@@H]([C@H]1COP(=O)([O-])[O-])O)[NH2+][C@@H](CC=NC=CC(=O)N)C(=O)N,medium,132,0,4
adapt-ens-medium-69,CC(=CN=C1[CH]O[C@H](COP(=O)(O)O)C[C@@H]1O)N=CNC[C@@H](O)[C@@H](O)C(N)=O,CC(=CN=C1[CH]O[C@H](COP(=O)(O)O)C[C@@H]1O)N=CNC[C@@H](O)[C@@H](O)C(N)=O,CC(=CN=C1[CH]O[C@@H](C[C@@H]1O)COP(=O)([O-])[O-])[NH+]=CNC[C@H]([C@H](C(=O)N)O)O,medium,132,0,4
adapt-ens-medium-70,NC(=O)CN=CN(C[C@@H](O)COP(=O)(O)O)[C@@H]1O[C@H](COP(=O)(O)O)[C@@H](O)[C@H]1O,NC(=O)CN=CN(C[C@@H](O)COP(=O)(O)O)[C@@H]1O[C@H](COP(=O)(O)O)[C@@H](O)[C@H]1O,C([C@@H]1[C@H]([C@H]([C@@H](O1)N(C[C@H](COP(=O)([O-])[O-])O)C=[NH+]CC(=O)N)O)O)OP(=O)([O-])[O-],medium,146,0,8
adapt-ens-medium-71,NC(=O)C=CN=CC=[N+]1C=CN=CN([C@@H]2O[C@H](COP(=O)(O)O)[C@@H](O)[C@H]2O)O[C@H]2[CH]C(=N1)N=C2COP(=O)(O)O,NC(=O)C=CN=CC=[N+]1C=CN=CN([C@@H]2O[C@H](COP(=O)(O)O)[C@@H](O)[C@H]2O)O[C@H]2[CH]C(=N1)N=C2COP(=O)(O)O,C1=C[N+](=CC=NC=CC(=O)N)N=C2[CH][C@@H](C(=N2)COP(=O)([O-])[O-])ON(C=[NH+]1)[C@H]3[C@@H]([C@@H]([C@H](O3)COP(=O)([O-])[O-])O)O,medium,145,0,12
adapt-ens-medium-72,NC(=O)C=C1N=CC=[N+]1N=CN[C@H](COP(=O)(O)O)C1[CH]Nc2ncncc2N=CN1[CH]O[CH]COP(=O)(O)O,NC(=O)C=C1N=CC=[N+]1N=CN[C@H](COP(=O)(O)O)C1[CH]Nc2ncncc2N=CN1[CH]O[CH]COP(=O)(O)O,c1c2c(ncn1)N[CH]C(N(C=[NH+]2)[CH]O[CH]COP(=O)([O-])[O-])[C@@H](COP(=O)([O-])[O-])NC=N[N+]3=CC=NC3=CC(=O)N,medium,139,1,2
adapt-ens-medium-73,NC(=O)CN=CN(C=CNc1nc(=O)[nH]c[n+]1[CH]O[CH]COP(=O)(O)O)[C@H]1O[C@H](COP(=O)(O)O)[C@@H](O)[C@H]1O,NC(=O)CN=CN(C=CNc1nc(=O)[nH]c[n+]1[CH]O[CH]COP(=O)(O)O)[C@H]1O[C@H](COP(=O)(O)O)[C@@H](O)[C@H]1O,c1[nH]c(=O)nc([n+]1[CH]O[CH]COP(=O)([O-])[O-])NC=CN(C=[NH+]CC(=O)N)[C@@H]2[C@@H]([C@@H]([C@H](O2)COP(=O)([O-])[O-])O)O,medium,146,0,8
adapt-ens-medium-74,C=CC(COP(=O)(O)O[CH]O[CH]COP(=O)(O)O)=NC=NC[C@@H](O)[C@@H](O)[C-](O)CC=NC=CC(N)=O,C=CC(COP(=O)(O)O[CH]O[CH]COP(=O)(O)O)=NC=NC[C@@H](O)[C@@H](O)[C-](O)CC=NC=CC(N)=O,C=CC(=NC=[NH+]C[C@H]([C@H](C(CC=NC=CC(=O)N)O)O)O)COP(=O)([O-])O[CH]O[CH]COP(=O)([O-])[O-],medium,131,0,3
adapt-ens-medium-75,NC(=O)[CH]O[C@H](COP(=O)(O)O)C[C@@H](O)[CH]OCNC=NCC(=O)NCN=C[CH]O[CH]COP(=O)(O)O,NC(=O)[CH]O[C@H](COP(=O)(O)O)C[C@@H](O)[CH]OCNC=NCC(=O)NCN=C[CH]O[CH]COP(=O)(O)O,C([CH]O[CH]C=NCNC(=O)C[NH+]=CNCO[CH][C@@H](C[C@@H](COP(=O)([O-])[O-])O[CH]C(=O)N)O)OP(=O)([O-])[O-],medium,127,1,1
adapt-ens-medium-76,NC(=O)c1cnccc1N=C1N[C@H](COP(=O)(O)O)[C@@H](O)[C@H]1O,NC(=O)c1cnccc1N=C1N[C@H](COP(=O)(O)O)[C@@H](O)[C@H]1O,c1cncc(c1[NH+]=C2[C@@H]([C@@H]([C@H](N2)COP(=O)([O-])[O-])O)O)C(=O)N,medium,146,0,8
adapt-ens-medium-77,NC(=O)c1cnccc1N=CN[C@@H]([CH]OCO[C@H](COP(=O)(O)O)C[C@@H]1O[C@H]1O)[CH]O[C@H](O)[CH]O,NC(=O)c1cnccc1N=CN[C@@H]([CH]OCO[C@H](COP(=O)(O)O)C[C@@H]1O[C@H]1O)[CH]O[C@H](O)[CH]O,c1cncc(c1[NH+]=CN[C@@H]([CH]OCO[C@@H](C[C@H]2[C@@H](O2)O)COP(=O)([O-])[O-])[CH]O[C@@H]([CH]O)O)C(=O)N,medium,146,0,8
adapt-ens-medium-78,NC(=O)c1cncc[n+]1N=C1C[C@H](O)[C@@H](COP(=O)(O)O)N1,NC(=O)c1cncc[n+]1N=C1C[C@H](O)[C@@H](COP(=O)(O)O)N1,c1c[n+](c(cn1)C(=O)N)N=C2C[C@@H]([C@H](N2)COP(=O)([O-])[O-])O,medium,143,0,20
adapt-ens-medium-79,NC(=O)c1cncc[n+]1N=CN[C@@H]([CH]OC[C@@H](O)C=O)[CH]O[C@H](O)[CH]O,NC(=O)c1cncc[n+]1N=CN[C@@H]([CH]OC[C@@H](O)C=O)[CH]O[C@H](O)[CH]O,c1c[n+](c(cn1)C(=O)N)N=CN[C@@H]([CH]OC[C@H](C=O)O)[CH]O[C@@H]([CH]O)O,medium,143,0,20
adapt-ens-medium-80,NC(=O)C=C1N=CC=[N+]1N=C1N[C@H](COP(=O)(O)O)[C@@H](O)[C@H]1O,NC(=O)C=C1N=CC=[N+]1N=C1N[C@H](COP(=O)(O)O)[C@@H](O)[C@H]1O,C1=NC(=CC(=O)N)[N+](=C1)N=C2[C@@H]([C@@H]([C@H](N2)COP(=O)([O-])[O-])O)O,medium,138,0,7
adapt-ens-medium-81,NC(=O)c1cncc[n+]1N=C1N[C@H](COP(=O)(O)O)[C@@H](O)[C@H]1n1cncn1,NC(=O)c1cncc[n+]1N=C1N[C@H](COP(=O)(O)O)[C@@H](O)[C@H]1n1cncn1,c1c[n+](c(cn1)C(=O)N)N=C2[C@@H]([C@@H]([C@H](N2)COP(=O)([O-])[O-])O)n3cncn3,medium,143,0,20
adapt-ens-medium-82,NC(=O)[C@H](O)[C@H]1[CH]O[C@H](COP(=O)(O)O)C[C@H](O)O1,NC(=O)[C@H](O)[C@H]1[CH]O[C@H](COP(=O)(O)O)C[C@H](O)O1,C1[C@H](O[CH][C@@H](O[C@H]1O)[C@H](C(=O)N)O)COP(=O)([O-])[O-],medium,132,0,4
adapt-ens-medium-83,NC=NCN(C=N[n+]1ccncc1C(N)=O)[C@@H]1O[C@H](COP(=O)(O)O)[C@@H](O)[C@H]1O,NC=NCN(C=N[n+]1ccncc1C(N)=O)[C@@H]1O[C@H](COP(=O)(O)O)[C@@H](O)[C@H]1O,c1c[n+](c(cn1)C(=O)N)N=CN(C[NH+]=CN)[C@H]2[C@@H]([C@@H]([C@H](O2)COP(=O)([O-])[O-])O)O,medium,143,0,20
adapt-ens-medium-84,NC=CC(=NC=N[N+]1=CC=NC1=CC(N)=O)N=C1C[C@H](O)C(COP(=O)(O)O)=N1,NC=CC(=NC=N[N+]1=CC=NC1=CC(N)=O)N=C1C[C@H](O)C(COP(=O)(O)O)=N1,C1[C@@H](C(=NC1=[NH+]C(=[NH+]C=N[N+]2=CC=NC2=CC(=O)N)C=C[NH3+])COP(=O)([O-])[O-])O,medium,136,0,6
adapt-ens-medium-85,C=CC(N=CN=CC=C[CH]COP(=O)(O)O)=NC=N[CH][C@@H](O)[N+](O)=CC=NC=CC(N)=O,C=CC(N=CN=CC=C[CH]COP(=O)(O)O)=NC=N[CH][C@@H](O)[N+](O)=CC=NC=CC(N)=O,C=CC(=[NH+]C=N[CH][C@H]([N+](=CC=NC=CC(=O)N)O)O)[NH+]=CN=CC=C[CH]COP(=O)([O-])[O-],medium,141,0,4
adapt-ens-medium-86,NC(=O)c1cncc[n+]1N=CN[C@@H](C[CH]O)COP(=O)(O)O,NC(=O)c1cncc[n+]1N=CN[C@@H](C[CH]O)COP(=O)(O)O,c1c[n+](c(cn1)C(=O)N)N=CN[C@@H](C[CH]O)COP(=O)([O-])[O-],medium,143,1,20
adapt-ens-medium-87,NC(=O)c1cnccc1N=CN(CNC=NC1=CNC1=O)[C@H]1O[C@H](COP(=O)(O)O)[C@@H](O)[C@H]1O,NC(=O)c1cnccc1N=CN(CNC=NC1=CNC1=O)[C@H]1O[C@H](COP(=O)(O)O)[C@@H](O)[C@H]1O,c1cncc(c1[NH+]=CN(CNC=[NH+]C2=CNC2=O)[C@@H]3[C@@H]([C@@H]([C@H](O3)COP(=O)([O-])[O-])O)O)C(=O)N,medium,146,0,8
adapt-ens-medium-88,NC(=O)C=CN=CC(Cl)=CN=CN=C1N[C@H](COP(=O)(O)O)[C@@H](O)[C@H]1O,NC(=O)C=CN=CC(Cl)=CN=CN=C1N[C@H](COP(=O)(O)O)[C@@H](O)[C@H]1O,C([C@@H]1[C@H]([C@H](C(=[NH+]C=[NH+]C=C(C=NC=CC(=O)N)Cl)N1)O)O)OP(=O)([O-])[O-],medium,133,1,5
adapt-ens-medium-89,NC=C[N+](=CC=NC=CC(N)=O)N=C1[CH][C@H](O)C(COP(=O)(O)O)=N1,NC=C[N+](=CC=NC=CC(N)=O)N=C1[CH][C@H](O)C(COP(=O)(O)O)=N1,[CH]1[C@@H](C(=NC1=N[N+](=CC=NC=CC(=O)N)C=C[NH3+])COP(=O)([O-])[O-])O,medium,136,0,6
adapt-ens-medium-90,NC(=O)C=CN=CC=[N+](O)[C@H]1[CH]N=CN(CO[C@H]2O[C@H](COP(=O)(O)O)[C@@H](O)[C@H]2O)O1,NC(=O)C=CN=CC=[N+](O)[C@H]1[CH]N=CN(CO[C@H]2O[C@H](COP(=O)(O)O)[C@@H](O)[C@H]2O)O1,[CH]1[C@@H](ON(C=N1)CO[C@@H]2[C@@H]([C@@H]([C@H](O2)COP(=O)([O-])[O-])O)O)[N+](=CC=NC=CC(=O)N)O,medium,145,0,12
adapt-ens-medium-91,NC(=O)C=CN=C1C[C@H](O)[C@H](O)CN1[CH]O[C@@H](C[CH]O)COP(=O)(O)O,NC(=O)C=CN=C1C[C@H](O)[C@H](O)CN1[CH]O[C@@H](C[CH]O)COP(=O)(O)O,C1[C@@H]([C@@H](CN(C1=[NH+]C=CC(=O)N)[CH]O[C@@H](C[CH]O)COP(=O)([O-])[O-])O)O,medium,129,1,1
adapt-ens-medium-92,NC(=O)C=C1N=CC=[N+](N=C2[CH][C@H](O)C(COP(=O)(O)O)=N2)C=C1N,NC(=O)C=C1N=CC=[N+](N=C2[CH][C@H](O)C(COP(=O)(O)O)=N2)C=C1N,C1=NC(=CC(=O)N)C(=C[N+](=C1)N=C2[CH][C@@H](C(=N2)COP(=O)([O-])[O-])O)[NH3+],medium,136,0,6
adapt-ens-medium-93,NC(=O)C=C1N=CC=[N+]1N=CN1[C@H](COP(=O)(O)O)C[C@@H](O)[C@H]1O,NC(=O)C=C1N=CC=[N+]1N=CN1[C@H](COP(=O)(O)O)C[C@@H](O)[C@H]1O,C1[C@H](N([C@@H]([C@@H]1O)O)C=N[N+]2=CC=NC2=CC(=O)N)COP(=O)([O-])[O-],medium,138,1,7
adapt-ens-medium-94,NC(=O)C=C1N=Cc2c([CH]O[C@H](COP(=O)(O)O)C[C@@H](O)[CH]O)ncn[n+]21,NC(=O)C=C1N=Cc2c([CH]O[C@H](COP(=O)(O)O)C[C@@H](O)[CH]O)ncn[n+]21,c1nc(c2[n+](n1)C(=CC(=O)N)N=C2)[CH]O[C@@H](C[C@H]([CH]O)O)COP(=O)([O-])[O-],medium,128,1,1
adapt-ens-medium-95,CC1=C[C@@H](O)[C@@H](O)C(N[CH][C@@H](O)[C-](O)CC=NC=CC(N)=O)=N1,CC1=C[C@@H](O)[C@@H](O)C(N[CH][C@@H](O)[C-](O)CC=NC=CC(N)=O)=N1,CC1=C[C@H]([C@H](C(=[NH+]1)N[CH][C@H](C(CC=NC=CC(=O)N)O)O)O)O,medium,118,1,1
adapt-ens-medium-96,C[C@@H](O)[C@H](O)CN=CNC[C@H]1NC1=O,C[C@@H](O)[C@H](O)CN=CNC[C@H]1NC1=O,C[C@H]([C@@H](C[NH+]=CNC[C@@H]1C(=O)N1)O)O,medium,113,1,1
adapt-ens-medium-97,NC(=O)C=CN=CC=[N+]([CH]O[CH]COP(=O)(O)O)C1[CH]Nc2ncncc2N=CN1[CH]O[CH]COP(=O)(O)O,NC(=O)C=CN=CC=[N+]([CH]O[CH]COP(=O)(O)O)C1[CH]Nc2ncncc2N=CN1[CH]O[CH]COP(=O)(O)O,c1c2c(ncn1)N[CH]C(N(C=[NH+]2)[CH]O[CH]COP(=O)([O-])[O-])[N+](=CC=NC=CC(=O)N)[CH]O[CH]COP(=O)([O-])[O-],medium,139,0,2
adapt-ens-medium-98,C=NC(=O)C(=NC=CC(N)=O)N=C1[C@@H](O)N1[CH]O[CH]COP(=O)(O)O,C=NC(=O)C(=NC=CC(N)=O)N=C1[C@@H](O)N1[CH]O[CH]COP(=O)(O)O,C=NC(=O)C(=[NH+]C=CC(=O)N)[NH+]=C1[C@H](N1[CH]O[CH]COP(=O)([O-])[O-])O,medium,130,1,1
adapt-ens-medium-99,NC(=O)c1cncc[n+]1N=C1N[C@H](COP(=O)(O)O)[C@@H](O)[C@H]1O,NC(=O)c1cncc[n+]1N=C1N[C@H](COP(=O)(O)O)[C@@H](O)[C@H]1O,c1c[n+](c(cn1)C(=O)N)N=C2[C@@H]([C@@H]([C@H](N2)COP(=O)([O-])[O-])O)O,medium,143,0,20
adapt-ens-high-0,C=C[CH]NC[C@@H](C)C1CCON(OC=O)C(=O)NC(=O)/C(C)=C/C=C\[C@H](OC)[C@@H](OC(N)=O)/C(C)=C/[C@H](C)[C@H](O)[C@@H](C)[C@H]1OC,C=C[CH]NC[C@@H](C)C1CCON(OC=O)C(=O)NC(=O)/C(C)=C/C=C\[C@H](OC)[C@@H](OC(N)=O)/C(C)=C/[C@H](C)[C@H](O)[C@@H](C)[C@H]1OC,C[C@H]1/C=C(/[C@@H]([C@H](/C=C\C=C(\C(=O)NC(=O)N(OCCC([C@@H]([C@@H]([C@H]1O)C)OC)[C@H](C)C[NH2+][CH]C=C)OC=O)/C)OC)OC(=O)N)\C,high,91,0,64
adapt-ens-high-1,CO[C@H]1/C=C\C=C(/C)C(=O)NC(=O)NC(OC=O)C=C[CH]OC(=O)C[C@@H](C)[C@@H](CO)[C@@H](C)/C=C(\C)[C@H](O)[C@@H](C)/C=C(\C)[C@@H]1OC(C)=O,CO[C@H]1/C=C\C=C(/C)C(=O)NC(=O)NC(OC=O)C=C[CH]OC(=O)C[C@@H](C)[C@@H](CO)[C@@H](C)/C=C(\C)[C@H](O)[C@@H](C)/C=C(\C)[C@@H]1OC(C)=O,C[C@@H]1CC(=O)O[CH]C=CC(NC(=O)NC(=O)/C(=C/C=C\[C@@H]([C@H](/C(=C/[C@@H]([C@H](/C(=C/[C@@H]([C@@H]1CO)C)/C)O)C)/C)OC(=O)C)OC)/C)OC=O,high,91,0,64
adapt-ens-high-2,C=C1[CH]CN2C=CC[C@@H](C)C[C@H](OC)[C@H](O)[C@@H]3/C=C(\C)[C@H](OC(N)=O)[C@@H](OC)/C=C\C=C(/C)C(=O)NC(=O)NC(=O)C=CC(=CCON)OC1C=CC2(C)C3,C=C1[CH]CN2C=CC[C@@H](C)C[C@H](OC)[C@H](O)[C@@H]3/C=C(\C)[C@H](OC(N)=O)[C@@H](OC)/C=C\C=C(/C)C(=O)NC(=O)NC(=O)C=CC(=CCON)OC1C=CC2(C)C3,C[C@@H]1CC=C[NH+]2C[CH]C(=C)C3C=CC2(C[C@@H](/C=C(/[C@@H]([C@H](/C=C\C=C(\C(=O)NC(=O)NC(=O)C=CC(=CCON)O3)/C)OC)OC(=O)N)\C)[C@H]([C@H](C1)OC)O)C,high,91,0,64
adapt-ens-high-3,C=C[CH]C1C(=O)C=C2NC(=O)/C(C)=C/C=C\[C@H](OC)[C@@H](OC(N)=O)/C(C)=C/[C@H](C)[C@@H](O)[C@H](CC)[C@](C)(O)CN1C2=O,C=C[CH]C1C(=O)C=C2NC(=O)/C(C)=C/C=C\[C@H](OC)[C@@H](OC(N)=O)/C(C)=C/[C@H](C)[C@@H](O)[C@H](CC)[C@](C)(O)CN1C2=O,CC[C@H]1[C@@H]([C@H](/C=C(/[C@@H]([C@H](/C=C\C=C(\C(=O)NC2=CC(=O)C(N(C2=O)C[C@@]1(C)O)[CH]C=C)/C)OC)OC(=O)N)\C)C)O,high,91,0,64
adapt-ens-high-4,C=C[CH]CNC(=O)C1=CC(=O)C[C@@H](OC)[C@H](C)[C@@H](O)[C@@H](C)/C=C(\C)[C@H](OC(N)=O)[C@@H](OC)/C=C\C=C(/C)C(=O)NCC1=O,C=C[CH]CNC(=O)C1=CC(=O)C[C@@H](OC)[C@H](C)[C@@H](O)[C@@H](C)/C=C(\C)[C@H](OC(N)=O)[C@@H](OC)/C=C\C=C(/C)C(=O)NCC1=O,C[C@H]1/C=C(/[C@@H]([C@H](/C=C\C=C(\C(=O)NCC(=O)C(=CC(=O)C[C@H]([C@@H]([C@H]1O)C)OC)C(=O)NC[CH]C=C)/C)OC)OC(=O)N)\C,high,91,0,64
adapt-ens-high-5,C/C=C/[C@@H]1CC(=O)C=C2NC(=O)/C(C)=C/C=C\[C@@H](OC)/C(C)=C\[C@H](C)[C@@H](O)[C@@H](OC)[C@H](C)CC(=O)C=CC(=O)N1C2=O,C/C=C/[C@@H]1CC(=O)C=C2NC(=O)/C(C)=C/C=C\[C@@H](OC)/C(C)=C\[C@H](C)[C@@H](O)[C@@H](OC)[C@H](C)CC(=O)C=CC(=O)N1C2=O,C/C=C/[C@@H]1CC(=O)C=C2C(=O)N1C(=O)C=CC(=O)C[C@H]([C@@H]([C@@H]([C@H](/C=C(\[C@@H](/C=C\C=C(\C(=O)N2)/C)OC)/C)C)O)OC)C,high,90,0,5
adapt-ens-high-6,C=CCN1C=C2C=C(N(C)C)C=CC=C2C(=O)N[CH]CC2[C@H](C)C[C@H](OC)[C@H](O)[C@@H](O)[C@@H]2OC(=O)N(C)C1=O,C=CCN1C=C2C=C(N(C)C)C=CC=C2C(=O)N[CH]CC2[C@H](C)C[C@H](OC)[C@H](O)[C@@H](O)[C@@H]2OC(=O)N(C)C1=O,C[C@@H]1C[C@@H]([C@@H]([C@H]([C@H]2C1C[CH]NC(=O)C3=CC=CC(=CC3=CN(C(=O)N(C(=O)O2)C)CC=C)[NH+](C)C)O)O)OC,high,97,1,1
adapt-ens-high-7,C=C[CH]C1CC=CNC(=O)/C(C)=C/C=C\[C@H](C)[C@H](O[C@H]2[C@@H](C)[C@@H](OC)C[C@H](O)[C@@H]2O)[C@@H](O)[C@@H](OC)C[C@H]1C,C=C[CH]C1CC=CNC(=O)/C(C)=C/C=C\[C@H](C)[C@H](O[C@H]2[C@@H](C)[C@@H](OC)C[C@H](O)[C@@H]2O)[C@@H](O)[C@@H](OC)C[C@H]1C,C[C@@H]1C[C@@H]([C@@H]([C@H]([C@H](/C=C\C=C(\C(=O)NC=CCC1[CH]C=C)/C)C)O[C@H]2[C@H]([C@H](C[C@@H]([C@@H]2O)O)OC)C)O)OC,high,92,1,1
adapt-ens-high-8,C=C[CH]NC1C(=O)C=C(C=O)NC(=O)/C(C)=C/C=C\[C@H](OC)[C@@H](OC(C)=O)/C(C)=C/[C@H](C)[C@H](O)[C@@H](C)[C@@H](OC)C[C@@H]1C,C=C[CH]NC1C(=O)C=C(C=O)NC(=O)/C(C)=C/C=C\[C@H](OC)[C@@H](OC(C)=O)/C(C)=C/[C@H](C)[C@H](O)[C@@H](C)[C@@H](OC)C[C@@H]1C,C[C@H]1C[C@@H]([C@@H]([C@H]([C@H](/C=C(/[C@@H]([C@H](/C=C\C=C(\C(=O)NC(=CC(=O)C1[NH2+][CH]C=C)C=O)/C)OC)OC(=O)C)\C)C)O)C)OC,high,91,0,64
adapt-ens-high-9,C=C[CH]CNC(=O)C1C(=O)C(=CC=O)NC(=O)/C(C)=C/C=C\[C@H](OC)[C@@H](OC(C)=O)/C(C)=C/[C@H](C)[C@@H](O)[C@@H](OC)C[C@@H]1C,C=C[CH]CNC(=O)C1C(=O)C(=CC=O)NC(=O)/C(C)=C/C=C\[C@H](OC)[C@@H](OC(C)=O)/C(C)=C/[C@H](C)[C@@H](O)[C@@H](OC)C[C@@H]1C,C[C@H]1C[C@@H]([C@@H]([C@H](/C=C(/[C@@H]([C@H](/C=C\C=C(\C(=O)NC(=CC=O)C(=O)C1C(=O)NC[CH]C=C)/C)OC)OC(=O)C)\C)C)O)OC,high,91,0,64
adapt-ens-high-10,C=C1[CH]CNc2cc(=O)ccc(=O)cc2[C@@H](C)[C@@H](O)[C@@H](C)[C@@H](O)[C@@H](C)/C=C(\C)C(=O)NC(=O)O[CH]C1=O,C=C1[CH]CNc2cc(=O)ccc(=O)cc2[C@@H](C)[C@@H](O)[C@@H](C)[C@@H](O)[C@@H](C)/C=C(\C)C(=O)NC(=O)O[CH]C1=O,C[C@H]1/C=C(/C(=O)[N-]C(=O)O[CH]C(=O)C(=C)[CH]CNc2cc(=O)ccc(=O)cc2[C@H]([C@H]([C@H]([C@H]1O)C)O)C)\C,high,101,1,1
adapt-ens-high-11,[CH]O[CH][C@@H](O)[C@H](OC)[C@H](C)[CH]O[C@H]1CC/C=C\C=C(/C)C(=O)NC(=CC=O)C(=O)C[C@@H](O[CH]C[CH]C=C)C[C@H](OC)[C@@H]1O,[CH]O[CH][C@@H](O)[C@H](OC)[C@H](C)[CH]O[C@H]1CC/C=C\C=C(/C)C(=O)NC(=CC=O)C(=O)C[C@@H](O[CH]C[CH]C=C)C[C@H](OC)[C@@H]1O,C/C/1=C\C=C/CC[C@@H]([C@H]([C@H](C[C@@H](CC(=O)C(=CC=O)NC1=O)O[CH]C[CH]C=C)OC)O)O[CH][C@@H](C)[C@H]([C@@H]([CH]O[CH])O)OC,high,87,1,2
adapt-ens-high-12,C=C[C@H]1CC[C@@H](C)C[C@H](OC)[C@H](O)[C@@H](C)/C=C(\C)[C@H](O)[C@@H](OC)/C=C\C=C(/C)C(=O)NC(=CC(N)=O)C1=O,C=C[C@H]1CC[C@@H](C)C[C@H](OC)[C@H](O)[C@@H](C)/C=C(\C)[C@H](O)[C@@H](OC)/C=C\C=C(/C)C(=O)NC(=CC(N)=O)C1=O,C[C@@H]1CC[C@@H](C(=O)C(=CC(=O)N)NC(=O)/C(=C/C=C\[C@@H]([C@H](/C(=C/[C@@H]([C@H]([C@H](C1)OC)O)C)/C)O)OC)/C)C=C,high,91,0,64
adapt-ens-high-13,C=C[CH]CNC1=CC2[C@@H](C)C[C@@H](CC)[C@H](O)[C@@H](C)/C=C(\C)[C@H](OC(N)=O)[C@@H](OC)/C=C\C3=C(C)C(=O)NC(=CC1C)OC32OC,C=C[CH]CNC1=CC2[C@@H](C)C[C@@H](CC)[C@H](O)[C@@H](C)/C=C(\C)[C@H](OC(N)=O)[C@@H](OC)/C=C\C3=C(C)C(=O)NC(=CC1C)OC32OC,CC[C@@H]1C[C@@H](C2C=C(C(C=C3NC(=O)C(=C(C2(O3)OC)/C=C\[C@@H]([C@H](/C(=C/[C@@H]([C@H]1O)C)/C)OC(=O)N)OC)C)C)[NH2+]C[CH]C=C)C,high,91,0,64
adapt-ens-high-14,CO[C@@H]1/C=C\C=C(/C)C(=O)NC2=CC(=O)C=C[C@H](C2=O)N2C=CC(CC2)C(=O)C[C@@H](C)[C@@H](O)[C@@H](C)/C=C/1C,CO[C@@H]1/C=C\C=C(/C)C(=O)NC2=CC(=O)C=C[C@H](C2=O)N2C=CC(CC2)C(=O)C[C@@H](C)[C@@H](O)[C@@H](C)/C=C/1C,C[C@@H]1CC(=O)C2CC[NH+](C=C2)[C@@H]3C=CC(=O)C=C(C3=O)NC(=O)/C(=C/C=C\[C@H](/C(=C/[C@@H]([C@@H]1O)C)/C)OC)/C,high,90,1,5
adapt-ens-high-15,CO[C@H]1/C=C\C=C(/C)C(=O)NC2=CC(=O)C/C(=C/N[C@H](C)[C@H](O)[C@@H](C)/C=C(\C)[C@H](O)[C@H]1OC(N)=O)C2=O,CO[C@H]1/C=C\C=C(/C)C(=O)NC2=CC(=O)C/C(=C/N[C@H](C)[C@H](O)[C@@H](C)/C=C(\C)[C@H](O)[C@H]1OC(N)=O)C2=O,C[C@H]1/C=C(/[C@@H]([C@H]([C@H](/C=C\C=C(\C(=O)NC2=CC(=O)C/C(=C/[NH2+][C@@H]([C@@H]1O)C)/C2=O)/C)OC)OC(=O)N)O)\C,high,91,0,64
adapt-ens-high-16,C=CCNC1=CC2CC(=CC1=O)NC(=O)/C(C)=C/C=C\[C@H](OC)[C@@H](OCN=O)/C(C)=C/[C@H](C)[C@@H](O)[C@@H](OC)C[C@@H]2C,C=CCNC1=CC2CC(=CC1=O)NC(=O)/C(C)=C/C=C\[C@H](OC)[C@@H](OCN=O)/C(C)=C/[C@H](C)[C@@H](O)[C@@H](OC)C[C@@H]2C,C[C@H]1C[C@@H]([C@@H]([C@H](/C=C(/[C@@H]([C@H](/C=C\C=C(\C(=O)NC2=CC(=O)C(=CC1C2)[NH2+]CC=C)/C)OC)OCN=O)\C)C)O)OC,high,91,0,64
adapt-ens-high-17,[CH]CNC(=O)C(O)=C1C(=CC=CN[C@@H](C)/C=C/C)N(C)CC(N)(OCC)C=NC(=O)C=CCCNC(=O)NC(=O)/C(C)=C/C=C\[C@H](OC)[C@@H]1O,[CH]CNC(=O)C(O)=C1C(=CC=CN[C@@H](C)/C=C/C)N(C)CC(N)(OCC)C=NC(=O)C=CCCNC(=O)NC(=O)/C(C)=C/C=C\[C@H](OC)[C@@H]1O,CCOC1(CN(C(=CC=C[NH2+][C@@H](C)/C=C/C)C(=C(C(=O)NC[CH])O)[C@H]([C@H](/C=C\C=C(\C(=O)NC(=O)NCCC=CC(=O)N=C1)/C)OC)O)C)[NH3+],high,96,1,1
adapt-ens-high-18,C=C1[CH]NC=CC(=O)C[C@@H](C)C[C@@H](O)[C@@H](C)[C@@H](O)[C@@H](C)/C=C(\C)[C@H](OC(N)=O)[C@@H](OC)/C=C\C=C(/C)C1=O,C=C1[CH]NC=CC(=O)C[C@@H](C)C[C@@H](O)[C@@H](C)[C@@H](O)[C@@H](C)/C=C(\C)[C@H](OC(N)=O)[C@@H](OC)/C=C\C=C(/C)C1=O,C[C@H]1C[C@H]([C@H]([C@H]([C@H](/C=C(/[C@@H]([C@H](/C=C\C=C(\C(=O)C(=C)[CH][NH2+]C=CC(=O)C1)/C)OC)OC(=O)N)\C)C)O)C)O,high,91,0,64
adapt-ens-high-19,C=C[C@@H]1C(=O)C=C2NC(=O)/C(C)=C/C=C\[C@H](OC)[C@@H](OC(C)=O)/C(C)=C/[C@H](C)[C@@H](O)[C@@H](OC)C[C@H](C)CN1C2=O,C=C[C@@H]1C(=O)C=C2NC(=O)/C(C)=C/C=C\[C@H](OC)[C@@H](OC(C)=O)/C(C)=C/[C@H](C)[C@@H](O)[C@@H](OC)C[C@H](C)CN1C2=O,C[C@H]1C[C@@H]([C@@H]([C@H](/C=C(/[C@@H]([C@H](/C=C\C=C(\C(=O)NC2=CC(=O)[C@H](N(C1)C2=O)C=C)/C)OC)OC(=O)C)\C)C)O)OC,high,91,0,64
adapt-ens-high-20,[CH]CC1CN(CCC[CH]C=C)C[C@H](O)[C@@H](O[CH][C@@H](C)[C@H](O)[CH]C[CH]O)[C@@H](O)[C@@H](C)/C=C\C=C(/C)C(=O)NC(=O)NC(C=O)=CC1=C,[CH]CC1CN(CCC[CH]C=C)C[C@H](O)[C@@H](O[CH][C@@H](C)[C@H](O)[CH]C[CH]O)[C@@H](O)[C@@H](C)/C=C\C=C(/C)C(=O)NC(=O)NC(C=O)=CC1=C,C[C@H]1/C=C\C=C(\C(=O)NC(=O)NC(=CC(=C)C(C[NH+](C[C@@H]([C@H]([C@H]1O)O[CH][C@@H](C)[C@@H]([CH]C[CH]O)O)O)CCC[CH]C=C)C[CH])C=O)/C,high,88,1,1
adapt-ens-high-21,C=CCNC=CC=CC1=C(OC(=O)NC)CC(P)C=CCN(C)C(=O)/C(C)=C/C=C\[C@H](OC)[C@@H](OC(C)=O)/C(C)=C/[C@H](C)[C@H](O)C1,C=CCNC=CC=CC1=C(OC(=O)NC)CC(P)C=CCN(C)C(=O)/C(C)=C/C=C\[C@H](OC)[C@@H](OC(C)=O)/C(C)=C/[C@H](C)[C@H](O)C1,C[C@H]1/C=C(/[C@@H]([C@H](/C=C\C=C(\C(=O)N(CC=CC(CC(=C(C[C@H]1O)C=CC=C[NH2+]CC=C)OC(=O)NC)P)C)/C)OC)OC(=O)C)\C,high,91,0,64
adapt-ens-high-22,C=CCNC1=CC2C(=O)C(=CC1=O)NC(=O)NC(=O)/C(C)=C/C=C\[C@H](OC)[C@@H](OC(N)=O)/C(C)=C/[C@H](C)[C@@H](O)C[C@@H]2C,C=CCNC1=CC2C(=O)C(=CC1=O)NC(=O)NC(=O)/C(C)=C/C=C\[C@H](OC)[C@@H](OC(N)=O)/C(C)=C/[C@H](C)[C@@H](O)C[C@@H]2C,C[C@H]1C[C@@H]([C@H](/C=C(/[C@@H]([C@H](/C=C\C=C(\C(=O)NC(=O)NC2=CC(=O)C(=CC1C2=O)[NH2+]CC=C)/C)OC)OC(=O)N)\C)C)O,high,91,0,64
adapt-ens-high-23,C=C[CH]CNC=CC(=O)C=CC=C(O)C=C[C@@H](C)[C@@H](O)[C@@H](C)/C=C(\C)[C@H](OC(C)=O)[C@H](/C=C\C=C(/C)C(=O)NOC=O)OC,C=C[CH]CNC=CC(=O)C=CC=C(O)C=C[C@@H](C)[C@@H](O)[C@@H](C)/C=C(\C)[C@H](OC(C)=O)[C@H](/C=C\C=C(/C)C(=O)NOC=O)OC,C[C@H](C=CC(=CC=CC(=O)C=C[NH2+]C[CH]C=C)O)[C@H]([C@@H](C)/C=C(\C)/[C@@H]([C@H](/C=C\C=C(/C)\C(=O)NOC=O)OC)OC(=O)C)O,high,105,0,9
adapt-ens-high-24,C=C[CH]OC(=O)C[C@@H](C)[C@@H](OC)[C@H](O)[C@@H](C)/C=C(\C)[C@H](OC(N)=O)[C@H](/C=C\C=C(/C)C(=O)NC(C=O)=CC=O)OC,C=C[CH]OC(=O)C[C@@H](C)[C@@H](OC)[C@H](O)[C@@H](C)/C=C(\C)[C@H](OC(N)=O)[C@H](/C=C\C=C(/C)C(=O)NC(C=O)=CC=O)OC,C[C@H](CC(=O)O[CH]C=C)[C@H]([C@@H]([C@@H](C)/C=C(\C)/[C@@H]([C@H](/C=C\C=C(/C)\C(=O)NC(=CC=O)C=O)OC)OC(=O)N)O)OC,high,105,0,9
adapt-ens-high-25,C=C[C@H]1C2[CH]O[C@H](C)C[C@H](OC)[C@H](O)[C@@H](C)/C=C(\C)[C@H](OC(N)=O)[C@@H](OC)/C=C\C=C(/C)C(=O)NC(OC)=CC21,C=C[C@H]1C2[CH]O[C@H](C)C[C@H](OC)[C@H](O)[C@@H](C)/C=C(\C)[C@H](OC(N)=O)[C@@H](OC)/C=C\C=C(/C)C(=O)NC(OC)=CC21,C[C@@H]1C[C@@H]([C@@H]([C@H](/C=C(/[C@@H]([C@H](/C=C\C=C(\C(=O)NC(=CC2[C@H](C2[CH]O1)C=C)OC)/C)OC)OC(=O)N)\C)C)O)OC,high,91,0,64
adapt-ens-high-26,C=CCN1C=CC[C@@H](C)C[C@H](OC)[C@H](O)[C@@H](C)/C=C(\C)[C@H](OC(N)=O)[C@@H](OC)/C=C\C=C(/C)C(=O)N(C)C1=O,C=CCN1C=CC[C@@H](C)C[C@H](OC)[C@H](O)[C@@H](C)/C=C(\C)[C@H](OC(N)=O)[C@@H](OC)/C=C\C=C(/C)C(=O)N(C)C1=O,C[C@@H]1CC=CN(C(=O)N(C(=O)/C(=C/C=C\[C@@H]([C@H](/C(=C/[C@@H]([C@H]([C@H](C1)OC)O)C)/C)OC(=O)N)OC)/C)C)CC=C,high,91,0,64
adapt-ens-high-27,C[CH]C1[CH]C2C(=O)C(=CC1=O)NC(=O)/C(C)=C/C=C\[C@H](OC)[C@@H](OC(N)=O)/C(C)=C/[C@H](C)[C@@H](O)[C@@H](OC)C[C@H]2C,C[CH]C1[CH]C2C(=O)C(=CC1=O)NC(=O)/C(C)=C/C=C\[C@H](OC)[C@@H](OC(N)=O)/C(C)=C/[C@H](C)[C@@H](O)[C@@H](OC)C[C@H]2C,C[CH]C1[CH]C2[C@@H](C[C@@H]([C@@H]([C@H](/C=C(/[C@@H]([C@H](/C=C\C=C(\C(=O)NC(=CC1=O)C2=O)/C)OC)OC(=O)N)\C)C)O)OC)C,high,91,0,64
adapt-ens-high-28,CO[C@H]1[C@H](O)[C@@H](O)/C=C(\C)C(=O)NC(=O)C/C=C/[C@H](C)NC=CC(=O)C=CC=C(C(N)=O)[CH]C[C@H]1O,CO[C@H]1[C@H](O)[C@@H](O)/C=C(\C)C(=O)NC(=O)C/C=C/[C@H](C)NC=CC(=O)C=CC=C(C(N)=O)[CH]C[C@H]1O,C[C@H]1/C=C/CC(=O)NC(=O)/C(=C/[C@@H]([C@H]([C@@H]([C@@H](C[CH]C(=CC=CC(=O)C=C[NH2+]1)C(=O)N)O)OC)O)O)/C,high,95,1,1
adapt-ens-high-29,CO[CH]CC1C(=O)C=C(C=O)NC(=O)/C(C)=C/C=C\[C@H](OC)[C@H](OC(C)=O)[C@@H](O)/C(C)=C/[C@H](C)[C@@H](O)[C@@H](OC)C[C@H]1C,CO[CH]CC1C(=O)C=C(C=O)NC(=O)/C(C)=C/C=C\[C@H](OC)[C@H](OC(C)=O)[C@@H](O)/C(C)=C/[C@H](C)[C@@H](O)[C@@H](OC)C[C@H]1C,C[C@@H]1C[C@@H]([C@@H]([C@H](/C=C(/[C@@H]([C@H]([C@H](/C=C\C=C(\C(=O)NC(=CC(=O)C1C[CH]OC)C=O)/C)OC)OC(=O)C)O)\C)C)O)OC,high,91,0,64
adapt-ens-high-30,C=C[CH]CNC(=O)C1CONC(=O)NC(=O)/C(C)=C/C=C\[C@H](OC)[C@@H](OC(N)=O)/C(C)=C/[C@H](C)[C@H](O)[C@H](C)[C@H](O)[C@@H]1C,C=C[CH]CNC(=O)C1CONC(=O)NC(=O)/C(C)=C/C=C\[C@H](OC)[C@@H](OC(N)=O)/C(C)=C/[C@H](C)[C@H](O)[C@H](C)[C@H](O)[C@@H]1C,C[C@H]1/C=C(/[C@@H]([C@H](/C=C\C=C(\C(=O)NC(=O)NOCC([C@H]([C@H]([C@H]([C@H]1O)C)O)C)C(=O)NC[CH]C=C)/C)OC)OC(=O)N)\C,high,91,0,64
adapt-ens-high-31,C[CH]CN1C=CC(=O)C[C@@H](OC)[C@H](O)[C@@H](C)/C=C(\C)[C@H](OC(N)=O)[C@@H](OC)/C=C\C=C(/C)C(=O)NC(C=O)=CC1=O,C[CH]CN1C=CC(=O)C[C@@H](OC)[C@H](O)[C@@H](C)/C=C(\C)[C@H](OC(N)=O)[C@@H](OC)/C=C\C=C(/C)C(=O)NC(C=O)=CC1=O,C[CH]CN1C=CC(=O)C[C@H]([C@@H]([C@H](/C=C(/[C@@H]([C@H](/C=C\C=C(\C(=O)NC(=CC1=O)C=O)/C)OC)OC(=O)N)\C)C)O)OC,high,91,0,64
adapt-ens-high-32,CO[C@H]1/C=C\C=C(/C)C(=O)NC(=O)N2CC=C2C=CCNC=CC[C@@H](C)C[C@H](OC)[C@H](O)[C@@H](C)/C=C(\C)[C@@H]1OC(N)=O,CO[C@H]1/C=C\C=C(/C)C(=O)NC(=O)N2CC=C2C=CCNC=CC[C@@H](C)C[C@H](OC)[C@H](O)[C@@H](C)/C=C(\C)[C@@H]1OC(N)=O,C[C@@H]1CC=C[NH2+]CC=CC2=CCN2C(=O)NC(=O)/C(=C/C=C\[C@@H]([C@H](/C(=C/[C@@H]([C@H]([C@H](C1)OC)O)C)/C)OC(=O)N)OC)/C,high,91,0,64
adapt-ens-high-33,C=C[C@H]1CN2C[C@](C)(O)[C@@H](C)[C@@H](O)[C@@H](C)/C=C(\C)[C@H](OC(N)=O)[C@@H](OC)/C=C\C=C(/C)C(=O)NC(=CC1C)OC2=O,C=C[C@H]1CN2C[C@](C)(O)[C@@H](C)[C@@H](O)[C@@H](C)/C=C(\C)[C@H](OC(N)=O)[C@@H](OC)/C=C\C=C(/C)C(=O)NC(=CC1C)OC2=O,C[C@H]1/C=C(/[C@@H]([C@H](/C=C\C=C(\C(=O)NC2=CC([C@H](CN(C[C@]([C@H]([C@H]1O)C)(C)O)C(=O)O2)C=C)C)/C)OC)OC(=O)N)\C,high,91,0,64
adapt-ens-high-34,CO[C@H]1/C=C\C=C(/C)C(=O)NC2=C=C[C@H](CC[C@H](C)C[C@H](OC)[C@H](O)[C@@H](C)/C=C(\C)[C@@H]1OC(C)=O)OC2,CO[C@H]1/C=C\C=C(/C)C(=O)NC2=C=C[C@H](CC[C@H](C)C[C@H](OC)[C@H](O)[C@@H](C)/C=C(\C)[C@@H]1OC(C)=O)OC2,C[C@H]1CC[C@H]2C=C=C(CO2)NC(=O)/C(=C/C=C\[C@@H]([C@H](/C(=C/[C@@H]([C@H]([C@H](C1)OC)O)C)/C)OC(=O)C)OC)/C,high,91,0,64
adapt-ens-high-35,C=C1[CH]OC(=O)C[C@@H](C)C[C@H](O)[C@@H](C)/C=C(\C)[C@@H](OC(N)=O)[C@@H](OC)/C=C\C=C(/C)C(=O)NC(C=O)=CC1=O,C=C1[CH]OC(=O)C[C@@H](C)C[C@H](O)[C@@H](C)/C=C(\C)[C@@H](OC(N)=O)[C@@H](OC)/C=C\C=C(/C)C(=O)NC(C=O)=CC1=O,C[C@H]1C[C@@H]([C@H](/C=C(/[C@H]([C@H](/C=C\C=C(\C(=O)NC(=CC(=O)C(=C)[CH]OC(=O)C1)C=O)/C)OC)OC(=O)N)\C)C)O,high,91,0,64
adapt-ens-high-36,C=C1CNc2ccc3c(c2)C(=O)C[CH]C=CC(=O)[C@H](C)[C@@H](C=C(O)[C@@H](O)[C@@H](C)/C=C\C=C/C)C(=O)N3C1=O,C=C1CNc2ccc3c(c2)C(=O)C[CH]C=CC(=O)[C@H](C)[C@@H](C=C(O)[C@@H](O)[C@@H](C)/C=C\C=C/C)C(=O)N3C1=O,C/C=C\C=C/[C@H](C)[C@@H](C(=C[C@@H]1[C@H](C(=O)C=C[CH]CC(=O)c2cc3ccc2N(C1=O)C(=O)C(=C)CN3)C)O)O,high,37,1,1
adapt-ens-high-37,C=C[C@H]1CN2C(=O)C[C@@H](C)C[C@H](O)[C@@H](C)/C=C(\C)[C@H](OC(C)=O)[C@@H](OC)/C=C\C=C(/C)C(=O)NC(=CC1=O)C2=O,C=C[C@H]1CN2C(=O)C[C@@H](C)C[C@H](O)[C@@H](C)/C=C(\C)[C@H](OC(C)=O)[C@@H](OC)/C=C\C=C(/C)C(=O)NC(=CC1=O)C2=O,C[C@H]1C[C@@H]([C@H](/C=C(/[C@@H]([C@H](/C=C\C=C(\C(=O)NC2=CC(=O)[C@H](CN(C2=O)C(=O)C1)C=C)/C)OC)OC(=O)C)\C)C)O,high,91,0,64
adapt-ens-high-38,C=C1[CH]C2NC(=O)C[C@@H](C)[C@@H](O)[C@@H](C)/C=C(\C)[C@H](OC(N)=O)[C@@H](OC)/C=C\C=C(/C)C(=O)NC(=CC1=O)C2=O,C=C1[CH]C2NC(=O)C[C@@H](C)[C@@H](O)[C@@H](C)/C=C(\C)[C@H](OC(N)=O)[C@@H](OC)/C=C\C=C(/C)C(=O)NC(=CC1=O)C2=O,C[C@@H]1CC(=O)NC2[CH]C(=C)C(=O)C=C(C2=O)NC(=O)/C(=C/C=C\[C@@H]([C@H](/C(=C/[C@@H]([C@@H]1O)C)/C)OC(=O)N)OC)/C,high,91,0,64
adapt-ens-high-39,C=CC1NC=CC[C@@H](C)C[C@H](OC)[C@H](O)[C@@H](C)/C=C(\C)[C@H](OC(C)=O)[C@@H](OC)/C=C\C=C(/C)C(=O)NC1=CC(C)C,C=CC1NC=CC[C@@H](C)C[C@H](OC)[C@H](O)[C@@H](C)/C=C(\C)[C@H](OC(C)=O)[C@@H](OC)/C=C\C=C(/C)C(=O)NC1=CC(C)C,C[C@@H]1CC=C[NH2+]C(C(=CC(C)C)NC(=O)/C(=C/C=C\[C@@H]([C@H](/C(=C/[C@@H]([C@H]([C@H](C1)OC)O)C)/C)OC(=O)C)OC)/C)C=C,high,91,0,64
adapt-ens-high-40,C=C[CH]C[CH]O[C@@H]1C=C(O)C([C@@H](OC)[C@@H]2OC(O)=CC(=O)C(N(C)N)=C/C=C/[C@H]2[C@@H](C)/C=C\C=CC=O)C(C)CC=CC=CC(=O)N1,C=C[CH]C[CH]O[C@@H]1C=C(O)C([C@@H](OC)[C@@H]2OC(O)=CC(=O)C(N(C)N)=C/C=C/[C@H]2[C@@H](C)/C=C\C=CC=O)C(C)CC=CC=CC(=O)N1,CC1CC=CC=CC(=O)N[C@@H](C=C(C1[C@H]([C@H]2[C@@H](/C=C/C=C(C(=O)C=C(O2)[O-])N(C)N)[C@@H](C)/C=C\C=CC=O)OC)O)O[CH]C[CH]C=C,high,100,1,1
adapt-ens-high-41,C=CCNC=CC[C@@H](C)C[C@H](OC)[C@H](O)[C@@H](C)/C=C(\C)[C@H](OC(C)=O)[C@H](/C=C\C=C(/C)C(=O)N=C=O)OC,C=CCNC=CC[C@@H](C)C[C@H](OC)[C@H](O)[C@@H](C)/C=C(\C)[C@H](OC(C)=O)[C@H](/C=C\C=C(/C)C(=O)N=C=O)OC,C[C@H](CC=C[NH2+]CC=C)C[C@@H]([C@@H]([C@@H](C)/C=C(\C)/[C@@H]([C@H](/C=C\C=C(/C)\C(=O)N=C=O)OC)OC(=O)C)O)OC,high,105,0,9
adapt-ens-high-42,C=C[CH]NC1C(=O)C=C2NC(=O)/C(C)=C/C=C\[C@H](OC)[C@H](OC(C)=O)[C@@H](O)/C(C)=C/[C@H](C)[C@@H](O)[C@@H](OC)C[C@@H]1CC2=O,C=C[CH]NC1C(=O)C=C2NC(=O)/C(C)=C/C=C\[C@H](OC)[C@H](OC(C)=O)[C@@H](O)/C(C)=C/[C@H](C)[C@@H](O)[C@@H](OC)C[C@@H]1CC2=O,C[C@H]1/C=C(/[C@@H]([C@H]([C@H](/C=C\C=C(\C(=O)NC2=CC(=O)C([C@H](C[C@@H]([C@@H]1O)OC)CC2=O)[NH2+][CH]C=C)/C)OC)OC(=O)C)O)\C,high,91,0,64
adapt-ens-high-43,C=CCNC=CC1C(=O)C=C2NC(=O)/C(C)=C/C=C\[C@H](OC)[C@H](OC(C)=O)[C@@H](O)/C(C)=C/[C@H](C)[C@@H](O)[C@@H](OC)C[C@@H]1CC2N=O,C=CCNC=CC1C(=O)C=C2NC(=O)/C(C)=C/C=C\[C@H](OC)[C@H](OC(C)=O)[C@@H](O)/C(C)=C/[C@H](C)[C@@H](O)[C@@H](OC)C[C@@H]1CC2N=O,C[C@H]1/C=C(/[C@@H]([C@H]([C@H](/C=C\C=C(\C(=O)NC2=CC(=O)C([C@H](C[C@@H]([C@@H]1O)OC)CC2N=O)C=C[NH2+]CC=C)/C)OC)OC(=O)C)O)\C,high,91,0,64
adapt-ens-high-44,CO[C@H]1/C=C\C=C(/C)C(=O)N(C)CC=CC2C(=O)C=C[CH]OC=CC(=O)C=C(C(=O)[C@H](C)[C@@H](O)[C@@H](O)[C@@H](C)/C=C(\C)[C@@H]1OC(N)=O)C2O,CO[C@H]1/C=C\C=C(/C)C(=O)N(C)CC=CC2C(=O)C=C[CH]OC=CC(=O)C=C(C(=O)[C@H](C)[C@@H](O)[C@@H](O)[C@@H](C)/C=C(\C)[C@@H]1OC(N)=O)C2O,C[C@H]1/C=C(/[C@@H]([C@H](/C=C\C=C(\C(=O)N(CC=CC2C(C(=CC(=O)C=CO[CH]C=CC2=O)C(=O)[C@@H]([C@H]([C@H]1O)O)C)O)C)/C)OC)OC(=O)N)\C,high,91,0,64
adapt-ens-high-45,C=C[CH]C1[CH]N[C@H](C)C[C@H](OC)[C@H](C)/C=C(\C)[C@@H](OC(N)=O)[C@@H](OC)/C=C\C=C(/C)C(=O)N(O)CC=CC1=O,C=C[CH]C1[CH]N[C@H](C)C[C@H](OC)[C@H](C)/C=C(\C)[C@@H](OC(N)=O)[C@@H](OC)/C=C\C=C(/C)C(=O)N(O)CC=CC1=O,C[C@@H]1C[C@@H]([C@@H](/C=C(/[C@H]([C@H](/C=C\C=C(\C(=O)N(CC=CC(=O)C([CH][NH2+]1)[CH]C=C)O)/C)OC)OC(=O)N)\C)C)OC,high,91,0,64
adapt-ens-high-46,C=C1C(=O)C=C2NC(=O)[C@H](O)C(N(C)N)=C/C=C\[C@@H](OC)/C(C)=C/[C@H](C)[C@@H](O)[C@@H](OC)C[C@H](C)CN[C@H]1C2=O,C=C1C(=O)C=C2NC(=O)[C@H](O)C(N(C)N)=C/C=C\[C@@H](OC)/C(C)=C/[C@H](C)[C@@H](O)[C@@H](OC)C[C@H](C)CN[C@H]1C2=O,C[C@H]1C[C@@H]([C@@H]([C@H](/C=C(/[C@@H](/C=C\C=C([C@H](C(=O)NC2=CC(=O)C(=C)[C@H](C2=O)[NH2+]C1)O)N(C)N)OC)\C)C)O)OC,high,90,0,5
adapt-ens-high-47,CO[C@H]1/C=C\C=C(/C)C(=O)NC(N=O)=CC2C=CCNC=CC[C@@H](C2)C[C@H](OC)[C@H](O)[C@@H](C)[C@@H](O)[C@@H](C)/C=C(\C)[C@@H]1OC(C)=O,CO[C@H]1/C=C\C=C(/C)C(=O)NC(N=O)=CC2C=CCNC=CC[C@@H](C2)C[C@H](OC)[C@H](O)[C@@H](C)[C@@H](O)[C@@H](C)/C=C(\C)[C@@H]1OC(C)=O,C[C@H]1/C=C(/[C@@H]([C@H](/C=C\C=C(\C(=O)NC(=CC2C[C@H](CC=C[NH2+]CC=C2)C[C@@H]([C@@H]([C@H]([C@H]1O)C)O)OC)N=O)/C)OC)OC(=O)C)\C,high,91,0,64
adapt-ens-high-48,C=C[CH]CN1C(=O)C=C2C(=O)C=CC(=O)N2[C@@H](C)[C@@H](O)[C@@H](C)/C=C(\C)[C@H](OC(C)=O)[C@@H](OC)/C=C\C=C(/C)C1=O,C=C[CH]CN1C(=O)C=C2C(=O)C=CC(=O)N2[C@@H](C)[C@@H](O)[C@@H](C)/C=C(\C)[C@H](OC(C)=O)[C@@H](OC)/C=C\C=C(/C)C1=O,C[C@H]1/C=C(/[C@@H]([C@H](/C=C\C=C(\C(=O)N(C(=O)C=C2C(=O)C=CC(=O)N2[C@H]([C@H]1O)C)C[CH]C=C)/C)OC)OC(=O)C)\C,high,91,0,64
adapt-ens-high-49,C=CC1NC=CC[C@@H](C)C[C@H](OC)[C@H](O)[C@@H](C)/C=C(\C)[C@H](OC(N)=O)[C@@H](OC)/C=C\C=C(/C)C(=O)NC1=CC(C)C,C=CC1NC=CC[C@@H](C)C[C@H](OC)[C@H](O)[C@@H](C)/C=C(\C)[C@H](OC(N)=O)[C@@H](OC)/C=C\C=C(/C)C(=O)NC1=CC(C)C,C[C@@H]1CC=C[NH2+]C(C(=CC(C)C)NC(=O)/C(=C/C=C\[C@@H]([C@H](/C(=C/[C@@H]([C@H]([C@H](C1)OC)O)C)/C)OC(=O)N)OC)/C)C=C,high,91,0,64
adapt-ens-high-50,C=C[CH]CNC[C@@](C)(O)[C@@H](C)[C@@H](O)[C@@H](C)/C=C(\C)[C@H](OC(N)=O)[C@H](/C=C\C=C(/C)C(=O)NC(=O)NC(=O)C=C)OC,C=C[CH]CNC[C@@](C)(O)[C@@H](C)[C@@H](O)[C@@H](C)/C=C(\C)[C@H](OC(N)=O)[C@H](/C=C\C=C(/C)C(=O)NC(=O)NC(=O)C=C)OC,C[C@@H](/C=C(\C)/[C@@H]([C@H](/C=C\C=C(/C)\C(=O)NC(=O)NC(=O)C=C)OC)OC(=O)N)[C@@H]([C@H](C)[C@@](C)(C[NH2+]C[CH]C=C)O)O,high,105,0,9
adapt-ens-high-51,C=C[CH]CNC(=O)C[C@@H](C)[C@@H](O)[C@@H](C)/C=C(\C)[C@@H](O)[C@@H](C)/C=C(\C)[C@H](OC(N)=O)[C@H](/C=C\C=CC(=O)N(C)CC(C)OC)OC,C=C[CH]CNC(=O)C[C@@H](C)[C@@H](O)[C@@H](C)/C=C(\C)[C@@H](O)[C@@H](C)/C=C(\C)[C@H](OC(N)=O)[C@H](/C=C\C=CC(=O)N(C)CC(C)OC)OC,C[C@H](CC(=O)NC[CH]C=C)[C@H]([C@@H](C)/C=C(\C)/[C@H]([C@@H](C)/C=C(\C)/[C@@H]([C@H](/C=C\C=CC(=O)N(C)CC(C)OC)OC)OC(=O)N)O)O,high,105,0,9
adapt-ens-high-52,C=C[CH]O[C@H](C)C[C@H](OC)[C@H](C)[C@H](O)[C@@H](C)/C=C(\C)[C@H](OC(N)=O)[C@H](/C=C\C=C(/C)C(=O)NC(C=O)=CC=O)OC,C=C[CH]O[C@H](C)C[C@H](OC)[C@H](C)[C@H](O)[C@@H](C)/C=C(\C)[C@H](OC(N)=O)[C@H](/C=C\C=C(/C)C(=O)NC(C=O)=CC=O)OC,C[C@H](C[C@@H]([C@H](C)[C@@H]([C@@H](C)/C=C(\C)/[C@@H]([C@H](/C=C\C=C(/C)\C(=O)NC(=CC=O)C=O)OC)OC(=O)N)O)OC)O[CH]C=C,high,105,0,9
adapt-ens-high-53,C=C[CH]OC1C(=O)N(OC)C(=O)/C(C)=C/C=C\[C@H](OC)[C@H](OC(C)=O)[C@@H](O)/C(C)=C/[C@H](C)[C@@H](O)[C@@H](OC)C[C@@H]1C,C=C[CH]OC1C(=O)N(OC)C(=O)/C(C)=C/C=C\[C@H](OC)[C@H](OC(C)=O)[C@@H](O)/C(C)=C/[C@H](C)[C@@H](O)[C@@H](OC)C[C@@H]1C,C[C@H]1C[C@@H]([C@@H]([C@H](/C=C(/[C@@H]([C@H]([C@H](/C=C\C=C(\C(=O)N(C(=O)C1O[CH]C=C)OC)/C)OC)OC(=O)C)O)\C)C)O)OC,high,91,0,64
adapt-ens-high-54,CO[C@H]1/C=C\C=C(/C)C(=O)NC(=O)NC=CCC=CCNC=CC[C@@H](C)C[C@H](OC)[C@H](O)[C@@H](C)/C=C(\C)[C@@H]1OC(N)=O,CO[C@H]1/C=C\C=C(/C)C(=O)NC(=O)NC=CCC=CCNC=CC[C@@H](C)C[C@H](OC)[C@H](O)[C@@H](C)/C=C(\C)[C@@H]1OC(N)=O,C[C@@H]1CC=C[NH2+]CC=CCC=CNC(=O)NC(=O)/C(=C/C=C\[C@@H]([C@H](/C(=C/[C@@H]([C@H]([C@H](C1)OC)O)C)/C)OC(=O)N)OC)/C,high,91,0,64
adapt-ens-high-55,C=CCNC=CC[C@@H](C)C[C@H](OC)[C@H](O)[C@@H](C)/C=C(\C)[C@H](OC(N)=O)[C@H](/C=C\C=C(/C)C(=O)NC=O)OC,C=CCNC=CC[C@@H](C)C[C@H](OC)[C@H](O)[C@@H](C)/C=C(\C)[C@H](OC(N)=O)[C@H](/C=C\C=C(/C)C(=O)NC=O)OC,C[C@H](CC=C[NH2+]CC=C)C[C@@H]([C@@H]([C@@H](C)/C=C(\C)/[C@@H]([C@H](/C=C\C=C(/C)\C(=O)NC=O)OC)OC(=O)N)O)OC,high,105,1,9
adapt-ens-high-56,C/C1=C\[C@H](C)[C@H](O)C[C@@H](O)[C@H](C)[CH]/C=C/CC2=CC(=O)[C@H]1OCCN2,C/C1=C\[C@H](C)[C@H](O)C[C@@H](O)[C@H](C)[CH]/C=C/CC2=CC(=O)[C@H]1OCCN2,C[C@@H]1[CH]/C=C/CC2=CC(=O)[C@H](/C(=C/[C@@H]([C@@H](C[C@H]1O)O)C)/C)OCC[NH2+]2,high,99,1,1
adapt-ens-high-57,C=C1CNC=CC[C@@H](C)C[C@H](OC)[C@H](O)[C@@H](C)/C=C(\C)[C@H](O)[C@@H](OC(C)=O)[C@@H](OC)/C=C\C=C(/C)C1=O,C=C1CNC=CC[C@@H](C)C[C@H](OC)[C@H](O)[C@@H](C)/C=C(\C)[C@H](O)[C@@H](OC(C)=O)[C@@H](OC)/C=C\C=C(/C)C1=O,C[C@@H]1CC=C[NH2+]CC(=C)C(=O)/C(=C/C=C\[C@@H]([C@@H]([C@H](/C(=C/[C@@H]([C@H]([C@H](C1)OC)O)C)/C)O)OC(=O)C)OC)/C,high,91,0,64
adapt-ens-high-58,C=CCNC1=C2C[C@@H](C)C[C@H](OC)[C@H](O)[C@@H](C)/C=C(\C)[C@H](OC(C)=O)[C@@H](OC)/C=C\C=C(/C)C(=O)NC(=CC1=O)C2=O,C=CCNC1=C2C[C@@H](C)C[C@H](OC)[C@H](O)[C@@H](C)/C=C(\C)[C@H](OC(C)=O)[C@@H](OC)/C=C\C=C(/C)C(=O)NC(=CC1=O)C2=O,C[C@H]1C[C@@H]([C@@H]([C@H](/C=C(/[C@@H]([C@H](/C=C\C=C(\C(=O)NC2=CC(=O)C(=C(C1)C2=O)[NH2+]CC=C)/C)OC)OC(=O)C)\C)C)O)OC,high,91,0,64
adapt-ens-high-59,C=C[C@H]1C[C@@H]2C(=O)C(=CC1=O)NC(=O)/C(C)=C/C=C\[C@H](OC)[C@@H](OC(C)=O)/C(C)=C/[C@H](C)[C@@H](O)[C@@H](OC)CN2C,C=C[C@H]1C[C@@H]2C(=O)C(=CC1=O)NC(=O)/C(C)=C/C=C\[C@H](OC)[C@@H](OC(C)=O)/C(C)=C/[C@H](C)[C@@H](O)[C@@H](OC)CN2C,C[C@H]1/C=C(/[C@@H]([C@H](/C=C\C=C(\C(=O)NC2=CC(=O)[C@H](C[C@H](C2=O)[NH+](C[C@@H]([C@@H]1O)OC)C)C=C)/C)OC)OC(=O)C)\C,high,91,0,64
adapt-ens-high-60,C=CCNc1c2cc3c(=O)cc1C(=O)C[C@@H](O)[C@@H](C)[C@@H](O)[C@@H](C)/C=C(\C)[C@H](OC)/C=C\C=C(/C)C(=O)NC(=CC2=O)C3=O,C=CCNc1c2cc3c(=O)cc1C(=O)C[C@@H](O)[C@@H](C)[C@@H](O)[C@@H](C)/C=C(\C)[C@H](OC)/C=C\C=C(/C)C(=O)NC(=CC2=O)C3=O,C[C@H]1/C=C(/[C@@H](/C=C\C=C(\C(=O)NC2=CC(=O)c3cc(c(=O)cc(c3NCC=C)C(=O)C[C@H]([C@H]([C@H]1O)C)O)C2=O)/C)OC)\C,high,90,0,5
adapt-ens-high-61,C=C[CH]C1C[C@H](C)C[C@H](OC)[C@H](O)[C@@H](C)/C=C(\C)[C@H](O)[C@@H](OC(N)=O)[C@@H](OC)/C=C\C=C(/C)C(=O)N(C)C1=O,C=C[CH]C1C[C@H](C)C[C@H](OC)[C@H](O)[C@@H](C)/C=C(\C)[C@H](O)[C@@H](OC(N)=O)[C@@H](OC)/C=C\C=C(/C)C(=O)N(C)C1=O,C[C@@H]1C[C@@H]([C@@H]([C@H](/C=C(/[C@@H]([C@H]([C@H](/C=C\C=C(\C(=O)N(C(=O)C(C1)[CH]C=C)C)/C)OC)OC(=O)N)O)\C)C)O)OC,high,91,0,64
adapt-ens-high-62,C=C[CH]N1CCN2OC(C=O)C(=CC(N)=O)C=C2CCNC(=O)NC(=O)/C(C)=C/C=C\[C@H](OC)[C@@H](OC(N)=O)/C(C)=C/[C@H](C)[C@@H](O)[C@@H](OC)C[C@H](C)C1,C=C[CH]N1CCN2OC(C=O)C(=CC(N)=O)C=C2CCNC(=O)NC(=O)/C(C)=C/C=C\[C@H](OC)[C@@H](OC(N)=O)/C(C)=C/[C@H](C)[C@@H](O)[C@@H](OC)C[C@H](C)C1,C[C@H]1C[C@@H]([C@@H]([C@H](/C=C(/[C@@H]([C@H](/C=C\C=C(\C(=O)NC(=O)NCCC2=CC(=CC(=O)N)C(ON2CC[NH+](C1)[CH]C=C)C=O)/C)OC)OC(=O)N)\C)C)O)OC,high,91,0,64
adapt-ens-high-63,C=C[CH]OC1C(=O)CNNC(=O)/C(C)=C/C=C\[C@H](OC)[C@H](OC(C)=O)[C@@H](O)/C(C)=C/[C@H](C)[C@@H](O)[C@@H](OC)C[C@@H]1C,C=C[CH]OC1C(=O)CNNC(=O)/C(C)=C/C=C\[C@H](OC)[C@H](OC(C)=O)[C@@H](O)/C(C)=C/[C@H](C)[C@@H](O)[C@@H](OC)C[C@@H]1C,C[C@H]1C[C@@H]([C@@H]([C@H](/C=C(/[C@@H]([C@H]([C@H](/C=C\C=C(\C(=O)NNCC(=O)C1O[CH]C=C)/C)OC)OC(=O)C)O)\C)C)O)OC,high,91,0,64
adapt-ens-high-64,C/C1=C\[C@@H](C)[C@H](CO)[C@@H]2CC(=O)C[C@H](C=C[CH]OC(=O)C2)O[C@@H]1[C@@H](O)[C@@H](O)C(=O)NC=O,C/C1=C\[C@@H](C)[C@H](CO)[C@@H]2CC(=O)C[C@H](C=C[CH]OC(=O)C2)O[C@@H]1[C@@H](O)[C@@H](O)C(=O)NC=O,C[C@@H]1/C=C(/[C@H](O[C@@H]2CC(=O)C[C@@H]([C@H]1CO)CC(=O)O[CH]C=C2)[C@H]([C@H](C(=O)NC=O)O)O)\C,high,98,1,1
adapt-ens-high-65,C=C[CH]CNC(=O)C1=C2C(=O)[C@H](C)[C@@H](OC)/C=C(\C)[C@H](O)[C@@H](OC(N)=O)[C@@H](OC)/C3=C\C=C(/C)C(=O)NC(=O)N(C)CC123,C=C[CH]CNC(=O)C1=C2C(=O)[C@H](C)[C@@H](OC)/C=C(\C)[C@H](O)[C@@H](OC(N)=O)[C@@H](OC)/C3=C\C=C(/C)C(=O)NC(=O)N(C)CC123,C[C@@H]1[C@H](/C=C(/[C@@H]([C@H]([C@H](/C/2=C\C=C(\C(=O)NC(=O)N(CC23C(=C3C(=O)NC[CH]C=C)C1=O)C)/C)OC)OC(=O)N)O)\C)OC,high,93,1,1
adapt-ens-high-66,C=CCNC1=CC2C(=O)C(=CC1=O)NC(=O)/C(C)=C/C=C\[C@H](OC)[C@@H](OC(C)=O)/C(C)=C/[C@H](C)[C@@H](O)[C@@H](OC)C[C@@H]2C,C=CCNC1=CC2C(=O)C(=CC1=O)NC(=O)/C(C)=C/C=C\[C@H](OC)[C@@H](OC(C)=O)/C(C)=C/[C@H](C)[C@@H](O)[C@@H](OC)C[C@@H]2C,C[C@H]1C[C@@H]([C@@H]([C@H](/C=C(/[C@@H]([C@H](/C=C\C=C(\C(=O)NC2=CC(=O)C(=CC1C2=O)[NH2+]CC=C)/C)OC)OC(=O)C)\C)C)O)OC,high,91,0,64
adapt-ens-high-67,C=C[CH]CNC(=O)C=CC=CC=C,C=C[CH]CNC(=O)C=CC=CC=C,C=C[CH]CNC(=O)C=CC=CC=C,high,112,1,1
adapt-ens-high-68,C=C[C@@H]1C(=O)C=C2NC(=O)/C(C)=C/C=C\[C@H](OC)[C@@H](OC(N)=O)/C(C)=C/[C@H](C)[C@H](O)[C@H](C)[C@](C)(O)CNC1C2=O,C=C[C@@H]1C(=O)C=C2NC(=O)/C(C)=C/C=C\[C@H](OC)[C@@H](OC(N)=O)/C(C)=C/[C@H](C)[C@H](O)[C@H](C)[C@](C)(O)CNC1C2=O,C[C@H]1/C=C(/[C@@H]([C@H](/C=C\C=C(\C(=O)NC2=CC(=O)[C@H](C(C2=O)[NH2+]C[C@@]([C@H]([C@H]1O)C)(C)O)C=C)/C)OC)OC(=O)N)\C,high,91,0,64
adapt-ens-high-69,C=C[CH]CNC=CC(=O)C1=C2C=CC(=O)C(=O)N2[C@@H](C)[C@@H](O)[C@@H](C)/C=C(\C)[C@H](OC(N)=O)[C@@H](OC)/C=C\C=CC(=C(C)C=O)C[C@@H]1C,C=C[CH]CNC=CC(=O)C1=C2C=CC(=O)C(=O)N2[C@@H](C)[C@@H](O)[C@@H](C)/C=C(\C)[C@H](OC(N)=O)[C@@H](OC)/C=C\C=CC(=C(C)C=O)C[C@@H]1C,C[C@H]1CC(=C(C)C=O)C=C/C=C\[C@@H]([C@H](/C(=C/[C@@H]([C@@H]([C@@H](N2C(=C1C(=O)C=C[NH2+]C[CH]C=C)C=CC(=O)C2=O)C)O)C)/C)OC(=O)N)OC,high,91,0,64
adapt-ens-high-70,[CH]O[CH][C@@H](O)[C@H](OC)[C@H](C)[CH]O[C@H]1CC/C=C(\C)[C@H](OC(C)=O)[C@H](OC(C)=O)C[C@@H](O[CH]C[CH]C=C)C[C@@H]1CO,[CH]O[CH][C@@H](O)[C@H](OC)[C@H](C)[CH]O[C@H]1CC/C=C(\C)[C@H](OC(C)=O)[C@H](OC(C)=O)C[C@@H](O[CH]C[CH]C=C)C[C@@H]1CO,C/C/1=C\CC[C@@H]([C@H](C[C@@H](C[C@H]([C@H]1OC(=O)C)OC(=O)C)O[CH]C[CH]C=C)CO)O[CH][C@@H](C)[C@H]([C@@H]([CH]O[CH])O)OC,high,87,0,2
adapt-ens-high-71,C=C[C@H]1OC2C(=O)C(=CC1=O)NC(=O)/C(C)=C/C=C\[C@H](OC)[C@@H](OC(N)=O)/C(C)=C/[C@H](C)[C@@H](O)[C@@H](OC)C[C@@H]2C,C=C[C@H]1OC2C(=O)C(=CC1=O)NC(=O)/C(C)=C/C=C\[C@H](OC)[C@@H](OC(N)=O)/C(C)=C/[C@H](C)[C@@H](O)[C@@H](OC)C[C@@H]2C,C[C@H]1C[C@@H]([C@@H]([C@H](/C=C(/[C@@H]([C@H](/C=C\C=C(\C(=O)NC2=CC(=O)[C@H](OC1C2=O)C=C)/C)OC)OC(=O)N)\C)C)O)OC,high,91,1,64
adapt-ens-high-72,C=C[CH]C1C/C=C\[C@H](OC)[C@@H](OC(N)=O)/C(C)=C/[C@H](C)[C@@H](O)[C@H](OC)CC(O)=C(C)c2ccccc2N1,C=C[CH]C1C/C=C\[C@H](OC)[C@@H](OC(N)=O)/C(C)=C/[C@H](C)[C@@H](O)[C@H](OC)CC(O)=C(C)c2ccccc2N1,C[C@H]1/C=C(/[C@@H]([C@H](/C=C\CC(Nc2ccccc2C(=C(C[C@H]([C@@H]1O)OC)O)C)[CH]C=C)OC)OC(=O)N)\C,high,91,0,64
adapt-ens-high-73,C[CH]CCC[C@H](C)[C@H]1OC(=O)C=CC(=O)[C@H](C)[C@@H](OC)/C=C(\C)[C@H](O)[C@@H](C)/C=C(\C)[C@H](OC(C)=O)[C@@H](OC)/C=C\CC1=O,C[CH]CCC[C@H](C)[C@H]1OC(=O)C=CC(=O)[C@H](C)[C@@H](OC)/C=C(\C)[C@H](O)[C@@H](C)/C=C(\C)[C@H](OC(C)=O)[C@@H](OC)/C=C\CC1=O,C[CH]CCC[C@H](C)[C@@H]1C(=O)C/C=C\[C@@H]([C@H](/C(=C/[C@@H]([C@H](/C(=C/[C@@H]([C@H](C(=O)C=CC(=O)O1)C)OC)/C)O)C)/C)OC(=O)C)OC,high,94,1,1
adapt-ens-high-74,C=CCN1C=C2CON1C(=O)/C(C)=C/C=C\[C@H](OC)[C@H](OC(N)=O)[C@@H](O)/C(C)=C/[C@H](C)[C@@H](O)[C@@H](OC)C[C@H](C)C2,C=CCN1C=C2CON1C(=O)/C(C)=C/C=C\[C@H](OC)[C@H](OC(N)=O)[C@@H](O)/C(C)=C/[C@H](C)[C@@H](O)[C@@H](OC)C[C@H](C)C2,C[C@H]1C[C@@H]([C@@H]([C@H](/C=C(/[C@@H]([C@H]([C@H](/C=C\C=C(\C(=O)N2N(C=C(C1)CO2)CC=C)/C)OC)OC(=O)N)O)\C)C)O)OC,high,91,0,64
adapt-ens-high-75,C=C[CH]C[CH]P1C(=O)N(C)C(=O)NC(=O)/C(C)=C/C=C\[C@H](OC)[C@@H](OC(N)=O)/C(C)=C/[C@H](C)[C@@H](O)[C@@H](OC)C[C@H]1C,C=C[CH]C[CH]P1C(=O)N(C)C(=O)NC(=O)/C(C)=C/C=C\[C@H](OC)[C@@H](OC(N)=O)/C(C)=C/[C@H](C)[C@@H](O)[C@@H](OC)C[C@H]1C,C[C@@H]1C[C@@H]([C@@H]([C@H](/C=C(/[C@@H]([C@H](/C=C\C=C(\C(=O)NC(=O)N(C(=O)P1[CH]C[CH]C=C)C)/C)OC)OC(=O)N)\C)C)O)OC,high,91,0,64
adapt-ens-high-76,C[CH]C[CH]C12C(=O)C1NC(=O)/C(C)=C/C=C\[C@H](OC)[C@@H](OC(N)=O)/C(C)=C/[C@H](C)[C@@H](O)[C@@H](OC)[C@@H](OC)C[C@H]2C,C[CH]C[CH]C12C(=O)C1NC(=O)/C(C)=C/C=C\[C@H](OC)[C@@H](OC(N)=O)/C(C)=C/[C@H](C)[C@@H](O)[C@@H](OC)[C@@H](OC)C[C@H]2C,C[CH]C[CH]C12[C@@H](C[C@@H]([C@@H]([C@@H]([C@H](/C=C(/[C@@H]([C@H](/C=C\C=C(\C(=O)NC1C2=O)/C)OC)OC(=O)N)\C)C)O)OC)OC)C,high,91,0,64
adapt-ens-high-77,C=C[C@H]1NC[C@@H](C)C[C@H](OC)[C@H](O)[C@@H](O[CH]O[C@H](C)[C@@H](O)[C@@H](C)/C=C\C[CH]C)/C=C\C=C(/C)C(=O)N=C1C,C=C[C@H]1NC[C@@H](C)C[C@H](OC)[C@H](O)[C@@H](O[CH]O[C@H](C)[C@@H](O)[C@@H](C)/C=C\C[CH]C)/C=C\C=C(/C)C(=O)N=C1C,C[CH]C/C=C\[C@H](C)[C@@H]([C@@H](C)O[CH]O[C@H]1/C=C\C=C(\C(=O)N=C([C@H]([NH2+]C[C@H](C[C@@H]([C@@H]1O)OC)C)C=C)C)/C)O,high,86,1,1
adapt-ens-high-78,C=C[CH]C[C@H](C)C(=O)C[C@@H](O)[C@H](C/C=C(\C)C(=O)NC(=O)C=CC=CC=NO)O[CH][C@@H](C)[C@H](OC)[C@H](C)/C=C\CC,C=C[CH]C[C@H](C)C(=O)C[C@@H](O)[C@H](C/C=C(\C)C(=O)NC(=O)C=CC=CC=NO)O[CH][C@@H](C)[C@H](OC)[C@H](C)/C=C\CC,CC/C=C\[C@@H](C)[C@H]([C@H](C)[CH]O[C@@H](C/C=C(\C)/C(=O)NC(=O)C=CC=CC=NO)[C@@H](CC(=O)[C@@H](C)C[CH]C=C)O)OC,high,107,1,1
adapt-ens-high-79,C=C[C@H]1CNC[C@@](C)(O)[C@@H](C)[C@@H](O)[C@@H](C)/C=C(\C)[C@H](OC(N)=O)[C@@H](OC)/C=C\C=C(/C)C(=O)N(O)CC=C2CC=C21,C=C[C@H]1CNC[C@@](C)(O)[C@@H](C)[C@@H](O)[C@@H](C)/C=C(\C)[C@H](OC(N)=O)[C@@H](OC)/C=C\C=C(/C)C(=O)N(O)CC=C2CC=C21,C[C@H]1/C=C(/[C@@H]([C@H](/C=C\C=C(\C(=O)N(CC=C2CC=C2[C@H](C[NH2+]C[C@@]([C@H]([C@H]1O)C)(C)O)C=C)O)/C)OC)OC(=O)N)\C,high,91,0,64
adapt-ens-high-80,C=C[CH]NC[C@@H](C)C1C2ONCCC2NC(=O)/C(C)=C/C=C\[C@H](OC)[C@@H](OC(N)=O)/C(C)=C/[C@H](C)[C@@H](O)[C@@H](C)[C@H]1OC,C=C[CH]NC[C@@H](C)C1C2ONCCC2NC(=O)/C(C)=C/C=C\[C@H](OC)[C@@H](OC(N)=O)/C(C)=C/[C@H](C)[C@@H](O)[C@@H](C)[C@H]1OC,C[C@H]1/C=C(/[C@@H]([C@H](/C=C\C=C(\C(=O)NC2CCNOC2C([C@@H]([C@@H]([C@@H]1O)C)OC)[C@H](C)C[NH2+][CH]C=C)/C)OC)OC(=O)N)\C,high,91,0,64
adapt-ens-high-81,CO[C@H]1/C=C\C=C(/C)C(=O)NC(=O)C=CC2=CC(=O)C[C@H](CC=CNCC=CC2N=O)C[C@H](OC)[C@H](O)[C@@H](C)/C=C(\C)[C@@H]1OC(N)=O,CO[C@H]1/C=C\C=C(/C)C(=O)NC(=O)C=CC2=CC(=O)C[C@H](CC=CNCC=CC2N=O)C[C@H](OC)[C@H](O)[C@@H](C)/C=C(\C)[C@@H]1OC(N)=O,C[C@H]1/C=C(/[C@@H]([C@H](/C=C\C=C(\C(=O)NC(=O)C=CC2=CC(=O)C[C@H](CC=C[NH2+]CC=CC2N=O)C[C@@H]([C@@H]1O)OC)/C)OC)OC(=O)N)\C,high,91,0,64
adapt-ens-high-82,[CH-]CN(C)C(=O)C=C/C=C\[C@H](OC)[C@@H](OC(N)=O)/C(C)=C/[C@H](C)[C@@H](O)[C@H](C[C@H](C)CC(=O)c1cccc(NCC=C)c1)OC,[CH-]CN(C)C(=O)C=C/C=C\[C@H](OC)[C@@H](OC(N)=O)/C(C)=C/[C@H](C)[C@@H](O)[C@H](C[C@H](C)CC(=O)c1cccc(NCC=C)c1)OC,C[C@@H](C[C@@H]([C@@H]([C@@H](C)/C=C(\C)/[C@@H]([C@H](/C=C\C=CC(=O)N(C)C[CH2])OC)OC(=O)N)O)OC)CC(=O)c1cccc(c1)NCC=C,high,105,0,9
adapt-ens-high-83,[CH]C(=O)[C@@H](CNCN)[C@H](C)[CH]O[C@H]1[C@@H](C)/C=C(\C)[C@H](OC(C)=O)[C@H](OC(=O)NCCC)C(=C)[CH]C[C@@H]1O,[CH]C(=O)[C@@H](CNCN)[C@H](C)[CH]O[C@H]1[C@@H](C)/C=C(\C)[C@H](OC(C)=O)[C@H](OC(=O)NCCC)C(=C)[CH]C[C@@H]1O,CCCNC(=O)O[C@H]1[C@H](/C(=C/[C@@H]([C@@H]([C@H](C[CH]C1=C)O)O[CH][C@@H](C)[C@H](C[NH2+]CN)C(=O)[CH])C)/C)OC(=O)C,high,89,1,1
adapt-ens-high-84,C=C/C=C/[C@@H](C)[C@H](OC)[C@@H](C)O[CH]O[C@H]1CCC(=O)N[C@H]2CC=C[CH]CC[C@H](C)C[C@H](OC)[C@@H]1O2,C=C/C=C/[C@@H](C)[C@H](OC)[C@@H](C)O[CH]O[C@H]1CCC(=O)N[C@H]2CC=C[CH]CC[C@H](C)C[C@H](OC)[C@@H]1O2,C[C@H]1CC[CH]C=CC[C@@H]2NC(=O)CC[C@@H]([C@@H](O2)[C@H](C1)OC)O[CH]O[C@H](C)[C@H]([C@H](C)/C=C/C=C)OC,high,85,1,1
adapt-ens-high-85,C=CCNC1=C2C[C@@H](C)C[C@H](OC)[C@H](O)[C@@H](C)/C=C(\C)[C@H](OC(N)=O)[C@@H](OC)/C=C\C=C(/C)C(=O)NC(=CC1=O)C2C=O,C=CCNC1=C2C[C@@H](C)C[C@H](OC)[C@H](O)[C@@H](C)/C=C(\C)[C@H](OC(N)=O)[C@@H](OC)/C=C\C=C(/C)C(=O)NC(=CC1=O)C2C=O,C[C@H]1C[C@@H]([C@@H]([C@H](/C=C(/[C@@H]([C@H](/C=C\C=C(\C(=O)NC2=CC(=O)C(=C(C1)C2C=O)[NH2+]CC=C)/C)OC)OC(=O)N)\C)C)O)OC,high,91,0,64
adapt-ens-high-86,CO[C@@H](/C=C\C=C(/C)C(=O)NC(=O)NCC=O)[C@@H](OC(N)=O)/C(C)=C/[C@H](C)[C@H](O)/C(C)=C/[C@H](C)[C@H](O)[C@H]1C=C[CH]C1,CO[C@@H](/C=C\C=C(/C)C(=O)NC(=O)NCC=O)[C@@H](OC(N)=O)/C(C)=C/[C@H](C)[C@H](O)/C(C)=C/[C@H](C)[C@H](O)[C@H]1C=C[CH]C1,C[C@@H](/C=C(\C)/[C@H]([C@@H](C)/C=C(\C)/[C@@H]([C@H](/C=C\C=C(/C)\C(=O)NC(=O)NCC=O)OC)OC(=O)N)O)[C@@H]([C@@H]1C[CH]C=C1)O,high,105,0,9
adapt-ens-high-87,C=C[CH]CNc1c2ccc3c1N(CCN(C)C(=O)O[CH]C[C@H]([N+])CC/C=C\C=C(O)C(=O)NC=C=C3)C(=O)C(O)=C2C,C=C[CH]CNc1c2ccc3c1N(CCN(C)C(=O)O[CH]C[C@H]([N+])CC/C=C\C=C(O)C(=O)NC=C=C3)C(=O)C(O)=C2C,CC1=C(C(=O)N2CCN(C(=O)O[CH]C[C@@H](CC/C=C\C=C(C(=O)NC=C=Cc3c2c(c1cc3)NC[CH]C=C)O)[N+])C)O,high,103,1,1
adapt-ens-high-88,C=C[C@H]1C[C@H](C)C[C@H](OC)C[C@H](O)[C@@H](C)/C=C(\C)[C@H](OC(N)=O)[C@@H](OC)/C=C\C=C(/C)C(=O)NC(C=O)=CC1=O,C=C[C@H]1C[C@H](C)C[C@H](OC)C[C@H](O)[C@@H](C)/C=C(\C)[C@H](OC(N)=O)[C@@H](OC)/C=C\C=C(/C)C(=O)NC(C=O)=CC1=O,C[C@@H]1C[C@@H](C[C@@H]([C@H](/C=C(/[C@@H]([C@H](/C=C\C=C(\C(=O)NC(=CC(=O)[C@H](C1)C=C)C=O)/C)OC)OC(=O)N)\C)C)O)OC,high,91,0,64
adapt-ens-high-89,C=CCNC1=CC2C=C=C1NC(=O)/C(C)=C/C=C\[C@H](OC)[C@H](OC(N)=O)[C@@H](O)/C(C)=C/[C@H](C)[C@@H](O)[C@@H](OC)C[C@@H]2C,C=CCNC1=CC2C=C=C1NC(=O)/C(C)=C/C=C\[C@H](OC)[C@H](OC(N)=O)[C@@H](O)/C(C)=C/[C@H](C)[C@@H](O)[C@@H](OC)C[C@@H]2C,C[C@H]1C[C@@H]([C@@H]([C@H](/C=C(/[C@@H]([C@H]([C@H](/C=C\C=C(\C(=O)NC2=C=CC1C=C2[NH2+]CC=C)/C)OC)OC(=O)N)O)\C)C)O)OC,high,91,0,64
adapt-ens-high-90,C=CC1NC2=CC[C@@H](C)C[C@H](OC)[C@H](O)[C@@H](C)/C=C(\C)[C@H](OC(N)=O)[C@@H](OC)/C=C\C=C(/C)C(=O)NC(=CC2=O)C1=O,C=CC1NC2=CC[C@@H](C)C[C@H](OC)[C@H](O)[C@@H](C)/C=C(\C)[C@H](OC(N)=O)[C@@H](OC)/C=C\C=C(/C)C(=O)NC(=CC2=O)C1=O,C[C@@H]1CC=C2C(=O)C=C(C(=O)C([NH2+]2)C=C)NC(=O)/C(=C/C=C\[C@@H]([C@H](/C(=C/[C@@H]([C@H]([C@H](C1)OC)O)C)/C)OC(=O)N)OC)/C,high,91,0,64
adapt-ens-high-91,CO[CH]CC[C@H](C)C1C(=O)C(=CC=O)NC(=O)NC(=O)/C(C)=C/C=C\[C@H](OC)[C@@H](OC(N)=O)/C(C)=C/[C@H](C)[C@@H](O)[C@H]1OC,CO[CH]CC[C@H](C)C1C(=O)C(=CC=O)NC(=O)NC(=O)/C(C)=C/C=C\[C@H](OC)[C@@H](OC(N)=O)/C(C)=C/[C@H](C)[C@@H](O)[C@H]1OC,C[C@H]1/C=C(/[C@@H]([C@H](/C=C\C=C(\C(=O)NC(=O)NC(=CC=O)C(=O)C([C@@H]([C@@H]1O)OC)[C@@H](C)CC[CH]OC)/C)OC)OC(=O)N)\C,high,91,0,64
adapt-ens-high-92,C[CH]C/C=C\[C@H](OC)[C@@H](O)[C@H](C)[CH]O[C@H]1[C@@H](O)[C@@H](C)/C=C(\C)C(=O)N2C=C([CH]CNC(=O)C[C@H]1C)C(C)O2,C[CH]C/C=C\[C@H](OC)[C@@H](O)[C@H](C)[CH]O[C@H]1[C@@H](O)[C@@H](C)/C=C(\C)C(=O)N2C=C([CH]CNC(=O)C[C@H]1C)C(C)O2,C[CH]C/C=C\[C@@H]([C@H]([C@H](C)[CH]O[C@@H]1[C@@H](CC(=O)NC[CH]C2=CN(C(=O)/C(=C/[C@@H]([C@@H]1O)C)/C)OC2C)C)O)OC,high,102,1,1
adapt-ens-high-93,C=C[CH]OC(=O)C1C(=O)OC(=CC=C)NC(=O)/C(C)=C/C=C\[C@H](OC)[C@H](OC(N)=O)[C@@H](O)/C(C)=C/[C@H](C)[C@H](CO)[C@@H]1C,C=C[CH]OC(=O)C1C(=O)OC(=CC=C)NC(=O)/C(C)=C/C=C\[C@H](OC)[C@H](OC(N)=O)[C@@H](O)/C(C)=C/[C@H](C)[C@H](CO)[C@@H]1C,C[C@H]1/C=C(/[C@@H]([C@H]([C@H](/C=C\C=C(\C(=O)NC(=CC=C)OC(=O)C([C@H]([C@H]1CO)C)C(=O)O[CH]C=C)/C)OC)OC(=O)N)O)\C,high,91,0,64
adapt-ens-high-94,C=CC=C1NC(=O)NC(=O)/C(C)=C/C=C\[C@H](OC)[C@@H](OC(N)=O)/C(C)=C/[C@H](C)[C@@H](O)[C@@H](OC)C[C@@H](C[CH]N[C@@H](C)/C=C/C=C/C)CC(C)O1,C=CC=C1NC(=O)NC(=O)/C(C)=C/C=C\[C@H](OC)[C@@H](OC(N)=O)/C(C)=C/[C@H](C)[C@@H](O)[C@@H](OC)C[C@@H](C[CH]N[C@@H](C)/C=C/C=C/C)CC(C)O1,C/C=C/C=C/[C@H](C)[NH2+][CH]C[C@@H]1C[C@@H]([C@@H]([C@H](/C=C(/[C@@H]([C@H](/C=C\C=C(\C(=O)NC(=O)NC(=CC=C)OC(C1)C)/C)OC)OC(=O)N)\C)C)O)OC,high,91,0,64
adapt-ens-high-95,[CH]C(C)C=CN(C)C(=O)O[CH][C@@H](OC(C)=O)/C(C)=C/[C@H](O[CH][C@@H](C)[C@H](OC)[C@H](O)C[CH]C)[C@H](O)[C@H](C)CC(=O)O[CH]C=C,[CH]C(C)C=CN(C)C(=O)O[CH][C@@H](OC(C)=O)/C(C)=C/[C@H](O[CH][C@@H](C)[C@H](OC)[C@H](O)C[CH]C)[C@H](O)[C@H](C)CC(=O)O[CH]C=C,C[CH]C[C@H]([C@H]([C@H](C)[CH]O[C@@H](/C=C(\C)/[C@@H]([CH]OC(=O)N(C)C=CC(C)[CH])OC(=O)C)[C@@H]([C@H](C)CC(=O)O[CH]C=C)O)OC)O,high,106,1,1
adapt-ens-high-96,C=C[CH]C1NC2C(=O)C(=CC1=O)NC(=O)/C(C)=C/C=C\[C@H](OC)[C@@H](OC(N)=O)/C(C)=C/[C@H](C)[C@@H](O)[C@@H](OC)C[C@@H]2C,C=C[CH]C1NC2C(=O)C(=CC1=O)NC(=O)/C(C)=C/C=C\[C@H](OC)[C@@H](OC(N)=O)/C(C)=C/[C@H](C)[C@@H](O)[C@@H](OC)C[C@@H]2C,C[C@H]1C[C@@H]([C@@H]([C@H](/C=C(/[C@@H]([C@H](/C=C\C=C(\C(=O)NC2=CC(=O)C([NH2+]C1C2=O)[CH]C=C)/C)OC)OC(=O)N)\C)C)O)OC,high,91,0,64
adapt-ens-high-97,C=C[C@H]1CNC2C(=O)C=C3NC(=O)/C(C)=C/C=C\[C@H](OC)[C@@H](OC(N)=O)/C(C)=C/[C@H](C)[C@@H](O)[C@@H](C)CC1=CC=C2CC3=O,C=C[C@H]1CNC2C(=O)C=C3NC(=O)/C(C)=C/C=C\[C@H](OC)[C@@H](OC(N)=O)/C(C)=C/[C@H](C)[C@@H](O)[C@@H](C)CC1=CC=C2CC3=O,C[C@H]1CC2=CC=C3CC(=O)C(=CC(=O)C3[NH2+]C[C@@H]2C=C)NC(=O)/C(=C/C=C\[C@@H]([C@H](/C(=C/[C@@H]([C@H]1O)C)/C)OC(=O)N)OC)/C,high,91,0,64
adapt-ens-high-98,C[CH]C[CH]C1=CNC2=CC3=CC(=O)N(C(C)=O)[C@@H](N(C)C(=O)NC(=O)/C(C)=C/C=C\[C@@H](OC)/C(C)=C/[C@H](C)[C@H](O)[C@@H]3C)C12ON=O,C[CH]C[CH]C1=CNC2=CC3=CC(=O)N(C(C)=O)[C@@H](N(C)C(=O)NC(=O)/C(C)=C/C=C\[C@@H](OC)/C(C)=C/[C@H](C)[C@H](O)[C@@H]3C)C12ON=O,C[CH]C[CH]C1=CNC2=CC3=CC(=O)N([C@H](C21ON=O)N(C(=O)NC(=O)/C(=C/C=C\[C@H](/C(=C/[C@@H]([C@@H]([C@@H]3C)O)C)/C)OC)/C)C)C(=O)C,high,90,0,5
adapt-ens-high-99,C=C[CH]C[C@@H]1CC(=O)C=C(C=O)C=CC(=O)NC(=O)/C(C)=C/C=C\[C@H](OC)[C@@H](OC(N)=O)/C(C)=C/[C@H](C)[C@@H](O)[C@@H](OC)C1,C=C[CH]C[C@@H]1CC(=O)C=C(C=O)C=CC(=O)NC(=O)/C(C)=C/C=C\[C@H](OC)[C@@H](OC(N)=O)/C(C)=C/[C@H](C)[C@@H](O)[C@@H](OC)C1,C[C@H]1/C=C(/[C@@H]([C@H](/C=C\C=C(\C(=O)NC(=O)C=CC(=CC(=O)C[C@H](C[C@@H]([C@@H]1O)OC)C[CH]C=C)C=O)/C)OC)OC(=O)N)\C,high,91,0,64
